year_int,quarter_num,Quarter,Sector,Location,Insolvency_Count,time_index,lag_1,lag_2,rolling_avg_4,Sector_code,Location_code,Risk_level,Average_Interest_Rate,Energy_Price_Index,Regional_GDP
2016,3,Q3 2016,Accommodation & Food,England/Wales,377,2016.5,352.0,377.0,364.5,0,0,2,0.3424,37.11,1784443.0
2016,4,Q4 2016,Accommodation & Food,England/Wales,424,2016.75,377.0,352.0,368.6666666666667,0,0,2,0.25,39.13,1784443.0
2017,1,Q1 2017,Accommodation & Food,England/Wales,491,2017.0,424.0,377.0,382.5,0,0,2,0.25,39.57,1861953.0
2017,2,Q2 2017,Accommodation & Food,England/Wales,381,2017.25,491.0,424.0,411.0,0,0,2,0.25,38.3,1861953.0
2017,3,Q3 2017,Accommodation & Food,England/Wales,420,2017.5,381.0,491.0,418.25,0,0,2,0.25,38.64,1861953.0
2017,4,Q4 2017,Accommodation & Food,England/Wales,406,2017.75,420.0,381.0,429.0,0,0,2,0.413,41.23,1861953.0
2018,1,Q1 2018,Accommodation & Food,England/Wales,522,2018.0,406.0,420.0,424.5,0,0,2,0.5,41.62,1922054.0
2018,2,Q2 2018,Accommodation & Food,England/Wales,514,2018.25,522.0,406.0,432.25,0,0,2,0.5,40.89,1922054.0
2018,3,Q3 2018,Accommodation & Food,England/Wales,534,2018.5,514.0,522.0,465.5,0,0,2,0.663,42.33,1922054.0
2018,4,Q4 2018,Accommodation & Food,England/Wales,514,2018.75,534.0,514.0,494.0,0,0,2,0.75,45.37,1922054.0
2019,1,Q1 2019,Accommodation & Food,England/Wales,600,2019.0,514.0,534.0,521.0,0,0,2,0.75,46.57,1996347.0
2019,2,Q2 2019,Accommodation & Food,England/Wales,601,2019.25,600.0,514.0,540.5,0,0,2,0.75,45.14,1996347.0
2019,3,Q3 2019,Accommodation & Food,England/Wales,580,2019.5,601.0,600.0,562.25,0,0,2,0.75,44.6,1996347.0
2019,4,Q4 2019,Accommodation & Food,England/Wales,542,2019.75,580.0,601.0,573.75,0,0,2,0.75,47.61,1996347.0
2020,1,Q1 2020,Accommodation & Food,England/Wales,594,2020.0,542.0,580.0,580.75,0,0,2,0.6132,46.94,1885198.0
2020,2,Q2 2020,Accommodation & Food,England/Wales,318,2020.25,594.0,542.0,579.25,0,0,2,0.1,43.8,1885198.0
2020,3,Q3 2020,Accommodation & Food,England/Wales,356,2020.5,318.0,594.0,508.5,0,0,2,0.1,44.5,1885198.0
2020,4,Q4 2020,Accommodation & Food,England/Wales,447,2020.75,356.0,318.0,452.5,0,0,2,0.1,48.19,1885198.0
2021,1,Q1 2021,Accommodation & Food,England/Wales,296,2021.0,447.0,356.0,428.75,0,0,2,0.1,49.59,2042011.0
2021,2,Q2 2021,Accommodation & Food,England/Wales,384,2021.25,296.0,447.0,354.25,0,0,2,0.1,49.05,2042011.0
2021,3,Q3 2021,Accommodation & Food,England/Wales,454,2021.5,384.0,296.0,370.75,0,0,2,0.1,53.66,2042011.0
2021,4,Q4 2021,Accommodation & Food,England/Wales,542,2021.75,454.0,384.0,395.25,0,0,2,0.1261,60.97,2042011.0
2022,1,Q1 2022,Accommodation & Food,England/Wales,600,2022.0,542.0,454.0,419.0,0,0,2,0.45,66.09,2243340.0
2022,2,Q2 2022,Accommodation & Food,England/Wales,613,2022.25,600.0,542.0,495.0,0,0,2,0.9478,78.64,2243340.0
2022,3,Q3 2022,Accommodation & Food,England/Wales,723,2022.5,613.0,600.0,552.25,0,0,2,1.6141,86.09,2243340.0
2022,4,Q4 2022,Accommodation & Food,England/Wales,775,2022.75,723.0,613.0,619.5,0,0,2,2.8234,101.86,2243340.0
2023,1,Q1 2023,Accommodation & Food,England/Wales,851,2023.0,775.0,723.0,677.75,0,0,2,3.8472,105.67,2422397.0
2023,2,Q2 2023,Accommodation & Food,England/Wales,925,2023.25,851.0,775.0,740.5,0,0,2,4.4396,111.39,2422397.0
2023,3,Q3 2023,Accommodation & Food,England/Wales,940,2023.5,925.0,851.0,818.5,0,0,2,5.1603,108.35,2422397.0
2023,4,Q4 2023,Accommodation & Food,England/Wales,1022,2023.75,940.0,925.0,872.75,0,0,2,5.25,108.98,2422397.0
2024,1,Q1 2024,Accommodation & Food,England/Wales,884,2024.0,1022.0,940.0,934.5,0,0,2,5.25,112.39,1861953.0
2024,2,Q2 2024,Accommodation & Food,England/Wales,921,2024.25,884.0,1022.0,942.75,0,0,2,5.25,100.2,1861953.0
2024,3,Q3 2024,Accommodation & Food,England/Wales,855,2024.5,921.0,884.0,941.75,0,0,2,5.0842,100.64,1861953.0
2024,4,Q4 2024,Accommodation & Food,England/Wales,805,2024.75,855.0,921.0,920.5,0,0,2,4.8505,104.57,1861953.0
2025,1,Q1 2025,Accommodation & Food,England/Wales,827,2025.0,805.0,855.0,866.25,0,0,2,4.6,105.14,1861953.0
2025,2,Q2 2025,Accommodation & Food,England/Wales,882,2025.25,827.0,805.0,852.0,0,0,2,4.3516,98.78,1861953.0
2025,3,Q3 2025,Accommodation & Food,England/Wales,860,2025.5,882.0,827.0,842.25,0,0,2,4.25,98.05,1861953.0
2025,4,Q4 2025,Accommodation & Food,England/Wales,788,2025.75,860.0,882.0,843.5,0,0,2,4.25,99.05,1861953.0
2026,1,Q1 2026,Accommodation & Food,England/Wales,752,2026.0,788.0,860.0,839.25,0,0,2,0.75,49.59,1861953.0
2016,3,Q3 2016,Accommodation & Food,Scotland,28,2016.5,34.0,42.0,38.0,0,1,2,0.3424,37.11,151973.0
2016,4,Q4 2016,Accommodation & Food,Scotland,35,2016.75,28.0,34.0,34.666666666666664,0,1,2,0.25,39.13,151973.0
2017,1,Q1 2017,Accommodation & Food,Scotland,19,2017.0,35.0,28.0,34.75,0,1,2,0.25,39.57,159217.0
2017,2,Q2 2017,Accommodation & Food,Scotland,24,2017.25,19.0,35.0,29.0,0,1,2,0.25,38.3,159217.0
2017,3,Q3 2017,Accommodation & Food,Scotland,22,2017.5,24.0,19.0,26.5,0,1,2,0.25,38.64,159217.0
2017,4,Q4 2017,Accommodation & Food,Scotland,52,2017.75,22.0,24.0,25.0,0,1,2,0.413,41.23,159217.0
2018,1,Q1 2018,Accommodation & Food,Scotland,50,2018.0,52.0,22.0,29.25,0,1,2,0.5,41.62,162423.0
2018,2,Q2 2018,Accommodation & Food,Scotland,54,2018.25,50.0,52.0,37.0,0,1,2,0.5,40.89,162423.0
2018,3,Q3 2018,Accommodation & Food,Scotland,43,2018.5,54.0,50.0,44.5,0,1,2,0.663,42.33,162423.0
2018,4,Q4 2018,Accommodation & Food,Scotland,57,2018.75,43.0,54.0,49.75,0,1,2,0.75,45.37,162423.0
2019,1,Q1 2019,Accommodation & Food,Scotland,54,2019.0,57.0,43.0,51.0,0,1,2,0.75,46.57,168993.0
2019,2,Q2 2019,Accommodation & Food,Scotland,49,2019.25,54.0,57.0,52.0,0,1,2,0.75,45.14,168993.0
2019,3,Q3 2019,Accommodation & Food,Scotland,51,2019.5,49.0,54.0,50.75,0,1,2,0.75,44.6,168993.0
2019,4,Q4 2019,Accommodation & Food,Scotland,61,2019.75,51.0,49.0,52.75,0,1,2,0.75,47.61,168993.0
2020,1,Q1 2020,Accommodation & Food,Scotland,52,2020.0,61.0,51.0,53.75,0,1,2,0.6132,46.94,158489.0
2020,2,Q2 2020,Accommodation & Food,Scotland,18,2020.25,52.0,61.0,53.25,0,1,2,0.1,43.8,158489.0
2020,3,Q3 2020,Accommodation & Food,Scotland,30,2020.5,18.0,52.0,45.5,0,1,2,0.1,44.5,158489.0
2020,4,Q4 2020,Accommodation & Food,Scotland,22,2020.75,30.0,18.0,40.25,0,1,2,0.1,48.19,158489.0
2021,1,Q1 2021,Accommodation & Food,Scotland,12,2021.0,22.0,30.0,30.5,0,1,2,0.1,49.59,171688.0
2021,2,Q2 2021,Accommodation & Food,Scotland,25,2021.25,12.0,22.0,20.5,0,1,2,0.1,49.05,171688.0
2021,3,Q3 2021,Accommodation & Food,Scotland,23,2021.5,25.0,12.0,22.25,0,1,2,0.1,53.66,171688.0
2021,4,Q4 2021,Accommodation & Food,Scotland,26,2021.75,23.0,25.0,20.5,0,1,2,0.1261,60.97,171688.0
2022,1,Q1 2022,Accommodation & Food,Scotland,28,2022.0,26.0,23.0,21.5,0,1,2,0.45,66.09,188246.0
2022,2,Q2 2022,Accommodation & Food,Scotland,41,2022.25,28.0,26.0,25.5,0,1,2,0.9478,78.64,188246.0
2022,3,Q3 2022,Accommodation & Food,Scotland,47,2022.5,41.0,28.0,29.5,0,1,2,1.6141,86.09,188246.0
2022,4,Q4 2022,Accommodation & Food,Scotland,68,2022.75,47.0,41.0,35.5,0,1,2,2.8234,101.86,188246.0
2023,1,Q1 2023,Accommodation & Food,Scotland,64,2023.0,68.0,47.0,46.0,0,1,2,3.8472,105.67,204188.0
2023,2,Q2 2023,Accommodation & Food,Scotland,66,2023.25,64.0,68.0,55.0,0,1,2,4.4396,111.39,204188.0
2023,3,Q3 2023,Accommodation & Food,Scotland,57,2023.5,66.0,64.0,61.25,0,1,2,5.1603,108.35,204188.0
2023,4,Q4 2023,Accommodation & Food,Scotland,72,2023.75,57.0,66.0,63.75,0,1,2,5.25,108.98,204188.0
2024,1,Q1 2024,Accommodation & Food,Scotland,62,2024.0,72.0,57.0,64.75,0,1,2,5.25,112.39,1861953.0
2024,2,Q2 2024,Accommodation & Food,Scotland,75,2024.25,62.0,72.0,64.25,0,1,2,5.25,100.2,1861953.0
2024,3,Q3 2024,Accommodation & Food,Scotland,71,2024.5,75.0,62.0,66.5,0,1,2,5.0842,100.64,1861953.0
2024,4,Q4 2024,Accommodation & Food,Scotland,81,2024.75,71.0,75.0,70.0,0,1,2,4.8505,104.57,1861953.0
2025,1,Q1 2025,Accommodation & Food,Scotland,52,2025.0,81.0,71.0,72.25,0,1,2,4.6,105.14,1861953.0
2025,2,Q2 2025,Accommodation & Food,Scotland,74,2025.25,52.0,81.0,69.75,0,1,2,4.3516,98.78,1861953.0
2025,3,Q3 2025,Accommodation & Food,Scotland,81,2025.5,74.0,52.0,69.5,0,1,2,4.25,98.05,1861953.0
2025,4,Q4 2025,Accommodation & Food,Scotland,72,2025.75,81.0,74.0,72.0,0,1,2,4.25,99.05,1861953.0
2026,1,Q1 2026,Accommodation & Food,Scotland,65,2026.0,72.0,81.0,69.75,0,1,2,0.75,49.59,1861953.0
2016,3,Q3 2016,Admin & Support Services,England/Wales,395,2016.5,436.0,445.0,440.5,1,0,2,0.3424,37.11,1784443.0
2016,4,Q4 2016,Admin & Support Services,England/Wales,438,2016.75,395.0,436.0,425.3333333333333,1,0,2,0.25,39.13,1784443.0
2017,1,Q1 2017,Admin & Support Services,England/Wales,474,2017.0,438.0,395.0,428.5,1,0,2,0.25,39.57,1861953.0
2017,2,Q2 2017,Admin & Support Services,England/Wales,393,2017.25,474.0,438.0,435.75,1,0,2,0.25,38.3,1861953.0
2017,3,Q3 2017,Admin & Support Services,England/Wales,363,2017.5,393.0,474.0,425.0,1,0,2,0.25,38.64,1861953.0
2017,4,Q4 2017,Admin & Support Services,England/Wales,385,2017.75,363.0,393.0,417.0,1,0,2,0.413,41.23,1861953.0
2018,1,Q1 2018,Admin & Support Services,England/Wales,440,2018.0,385.0,363.0,403.75,1,0,2,0.5,41.62,1922054.0
2018,2,Q2 2018,Admin & Support Services,England/Wales,457,2018.25,440.0,385.0,395.25,1,0,2,0.5,40.89,1922054.0
2018,3,Q3 2018,Admin & Support Services,England/Wales,483,2018.5,457.0,440.0,411.25,1,0,2,0.663,42.33,1922054.0
2018,4,Q4 2018,Admin & Support Services,England/Wales,408,2018.75,483.0,457.0,441.25,1,0,2,0.75,45.37,1922054.0
2019,1,Q1 2019,Admin & Support Services,England/Wales,522,2019.0,408.0,483.0,447.0,1,0,2,0.75,46.57,1996347.0
2019,2,Q2 2019,Admin & Support Services,England/Wales,423,2019.25,522.0,408.0,467.5,1,0,2,0.75,45.14,1996347.0
2019,3,Q3 2019,Admin & Support Services,England/Wales,463,2019.5,423.0,522.0,459.0,1,0,2,0.75,44.6,1996347.0
2019,4,Q4 2019,Admin & Support Services,England/Wales,419,2019.75,463.0,423.0,454.0,1,0,2,0.75,47.61,1996347.0
2020,1,Q1 2020,Admin & Support Services,England/Wales,467,2020.0,419.0,463.0,456.75,1,0,2,0.6132,46.94,1885198.0
2020,2,Q2 2020,Admin & Support Services,England/Wales,329,2020.25,467.0,419.0,443.0,1,0,2,0.1,43.8,1885198.0
2020,3,Q3 2020,Admin & Support Services,England/Wales,284,2020.5,329.0,467.0,419.5,1,0,2,0.1,44.5,1885198.0
2020,4,Q4 2020,Admin & Support Services,England/Wales,361,2020.75,284.0,329.0,374.75,1,0,2,0.1,48.19,1885198.0
2021,1,Q1 2021,Admin & Support Services,England/Wales,272,2021.0,361.0,284.0,360.25,1,0,2,0.1,49.59,2042011.0
2021,2,Q2 2021,Admin & Support Services,England/Wales,355,2021.25,272.0,361.0,311.5,1,0,2,0.1,49.05,2042011.0
2021,3,Q3 2021,Admin & Support Services,England/Wales,416,2021.5,355.0,272.0,318.0,1,0,2,0.1,53.66,2042011.0
2021,4,Q4 2021,Admin & Support Services,England/Wales,528,2021.75,416.0,355.0,351.0,1,0,2,0.1261,60.97,2042011.0
2022,1,Q1 2022,Admin & Support Services,England/Wales,540,2022.0,528.0,416.0,392.75,1,0,2,0.45,66.09,2243340.0
2022,2,Q2 2022,Admin & Support Services,England/Wales,574,2022.25,540.0,528.0,459.75,1,0,2,0.9478,78.64,2243340.0
2022,3,Q3 2022,Admin & Support Services,England/Wales,511,2022.5,574.0,540.0,514.5,1,0,2,1.6141,86.09,2243340.0
2022,4,Q4 2022,Admin & Support Services,England/Wales,589,2022.75,511.0,574.0,538.25,1,0,2,2.8234,101.86,2243340.0
2023,1,Q1 2023,Admin & Support Services,England/Wales,541,2023.0,589.0,511.0,553.5,1,0,2,3.8472,105.67,2422397.0
2023,2,Q2 2023,Admin & Support Services,England/Wales,586,2023.25,541.0,589.0,553.75,1,0,2,4.4396,111.39,2422397.0
2023,3,Q3 2023,Admin & Support Services,England/Wales,574,2023.5,586.0,541.0,556.75,1,0,2,5.1603,108.35,2422397.0
2023,4,Q4 2023,Admin & Support Services,England/Wales,605,2023.75,574.0,586.0,572.5,1,0,2,5.25,108.98,2422397.0
2024,1,Q1 2024,Admin & Support Services,England/Wales,553,2024.0,605.0,574.0,576.5,1,0,2,5.25,112.39,1861953.0
2024,2,Q2 2024,Admin & Support Services,England/Wales,676,2024.25,553.0,605.0,579.5,1,0,2,5.25,100.2,1861953.0
2024,3,Q3 2024,Admin & Support Services,England/Wales,593,2024.5,676.0,553.0,602.0,1,0,2,5.0842,100.64,1861953.0
2024,4,Q4 2024,Admin & Support Services,England/Wales,547,2024.75,593.0,676.0,606.75,1,0,2,4.8505,104.57,1861953.0
2025,1,Q1 2025,Admin & Support Services,England/Wales,586,2025.0,547.0,593.0,592.25,1,0,2,4.6,105.14,1861953.0
2025,2,Q2 2025,Admin & Support Services,England/Wales,709,2025.25,586.0,547.0,600.5,1,0,2,4.3516,98.78,1861953.0
2025,3,Q3 2025,Admin & Support Services,England/Wales,572,2025.5,709.0,586.0,608.75,1,0,2,4.25,98.05,1861953.0
2025,4,Q4 2025,Admin & Support Services,England/Wales,585,2025.75,572.0,709.0,603.5,1,0,2,4.25,99.05,1861953.0
2026,1,Q1 2026,Admin & Support Services,England/Wales,499,2026.0,585.0,572.0,613.0,1,0,2,0.75,49.59,1861953.0
2016,3,Q3 2016,Admin & Support Services,Scotland,30,2016.5,41.0,32.0,36.5,1,1,2,0.3424,37.11,151973.0
2016,4,Q4 2016,Admin & Support Services,Scotland,28,2016.75,30.0,41.0,34.333333333333336,1,1,2,0.25,39.13,151973.0
2017,1,Q1 2017,Admin & Support Services,Scotland,17,2017.0,28.0,30.0,32.75,1,1,2,0.25,39.57,159217.0
2017,2,Q2 2017,Admin & Support Services,Scotland,31,2017.25,17.0,28.0,29.0,1,1,2,0.25,38.3,159217.0
2017,3,Q3 2017,Admin & Support Services,Scotland,32,2017.5,31.0,17.0,26.5,1,1,2,0.25,38.64,159217.0
2017,4,Q4 2017,Admin & Support Services,Scotland,22,2017.75,32.0,31.0,27.0,1,1,2,0.413,41.23,159217.0
2018,1,Q1 2018,Admin & Support Services,Scotland,24,2018.0,22.0,32.0,25.5,1,1,2,0.5,41.62,162423.0
2018,2,Q2 2018,Admin & Support Services,Scotland,35,2018.25,24.0,22.0,27.25,1,1,2,0.5,40.89,162423.0
2018,3,Q3 2018,Admin & Support Services,Scotland,16,2018.5,35.0,24.0,28.25,1,1,2,0.663,42.33,162423.0
2018,4,Q4 2018,Admin & Support Services,Scotland,24,2018.75,16.0,35.0,24.25,1,1,2,0.75,45.37,162423.0
2019,1,Q1 2019,Admin & Support Services,Scotland,26,2019.0,24.0,16.0,24.75,1,1,2,0.75,46.57,168993.0
2019,2,Q2 2019,Admin & Support Services,Scotland,18,2019.25,26.0,24.0,25.25,1,1,2,0.75,45.14,168993.0
2019,3,Q3 2019,Admin & Support Services,Scotland,25,2019.5,18.0,26.0,21.0,1,1,2,0.75,44.6,168993.0
2019,4,Q4 2019,Admin & Support Services,Scotland,21,2019.75,25.0,18.0,23.25,1,1,2,0.75,47.61,168993.0
2020,1,Q1 2020,Admin & Support Services,Scotland,19,2020.0,21.0,25.0,22.5,1,1,2,0.6132,46.94,158489.0
2020,2,Q2 2020,Admin & Support Services,Scotland,14,2020.25,19.0,21.0,20.75,1,1,2,0.1,43.8,158489.0
2020,3,Q3 2020,Admin & Support Services,Scotland,19,2020.5,14.0,19.0,19.75,1,1,2,0.1,44.5,158489.0
2020,4,Q4 2020,Admin & Support Services,Scotland,19,2020.75,19.0,14.0,18.25,1,1,2,0.1,48.19,158489.0
2021,1,Q1 2021,Admin & Support Services,Scotland,8,2021.0,19.0,19.0,17.75,1,1,2,0.1,49.59,171688.0
2021,2,Q2 2021,Admin & Support Services,Scotland,12,2021.25,8.0,19.0,15.0,1,1,2,0.1,49.05,171688.0
2021,3,Q3 2021,Admin & Support Services,Scotland,20,2021.5,12.0,8.0,14.5,1,1,2,0.1,53.66,171688.0
2021,4,Q4 2021,Admin & Support Services,Scotland,26,2021.75,20.0,12.0,14.75,1,1,2,0.1261,60.97,171688.0
2022,1,Q1 2022,Admin & Support Services,Scotland,31,2022.0,26.0,20.0,16.5,1,1,2,0.45,66.09,188246.0
2022,2,Q2 2022,Admin & Support Services,Scotland,18,2022.25,31.0,26.0,22.25,1,1,2,0.9478,78.64,188246.0
2022,3,Q3 2022,Admin & Support Services,Scotland,25,2022.5,18.0,31.0,23.75,1,1,2,1.6141,86.09,188246.0
2022,4,Q4 2022,Admin & Support Services,Scotland,21,2022.75,25.0,18.0,25.0,1,1,2,2.8234,101.86,188246.0
2023,1,Q1 2023,Admin & Support Services,Scotland,25,2023.0,21.0,25.0,23.75,1,1,2,3.8472,105.67,204188.0
2023,2,Q2 2023,Admin & Support Services,Scotland,29,2023.25,25.0,21.0,22.25,1,1,2,4.4396,111.39,204188.0
2023,3,Q3 2023,Admin & Support Services,Scotland,19,2023.5,29.0,25.0,25.0,1,1,2,5.1603,108.35,204188.0
2023,4,Q4 2023,Admin & Support Services,Scotland,30,2023.75,19.0,29.0,23.5,1,1,2,5.25,108.98,204188.0
2024,1,Q1 2024,Admin & Support Services,Scotland,35,2024.0,30.0,19.0,25.75,1,1,2,5.25,112.39,1861953.0
2024,2,Q2 2024,Admin & Support Services,Scotland,25,2024.25,35.0,30.0,28.25,1,1,2,5.25,100.2,1861953.0
2024,3,Q3 2024,Admin & Support Services,Scotland,21,2024.5,25.0,35.0,27.25,1,1,2,5.0842,100.64,1861953.0
2024,4,Q4 2024,Admin & Support Services,Scotland,19,2024.75,21.0,25.0,27.75,1,1,2,4.8505,104.57,1861953.0
2025,1,Q1 2025,Admin & Support Services,Scotland,27,2025.0,19.0,21.0,25.0,1,1,2,4.6,105.14,1861953.0
2025,2,Q2 2025,Admin & Support Services,Scotland,22,2025.25,27.0,19.0,23.0,1,1,2,4.3516,98.78,1861953.0
2025,3,Q3 2025,Admin & Support Services,Scotland,25,2025.5,22.0,27.0,22.25,1,1,2,4.25,98.05,1861953.0
2025,4,Q4 2025,Admin & Support Services,Scotland,33,2025.75,25.0,22.0,23.25,1,1,2,4.25,99.05,1861953.0
2026,1,Q1 2026,Admin & Support Services,Scotland,21,2026.0,33.0,25.0,26.75,1,1,2,0.75,49.59,1861953.0
2016,3,Q3 2016,Agriculture,England/Wales,11,2016.5,10.0,12.0,11.0,2,0,1,0.3424,37.11,1784443.0
2016,4,Q4 2016,Agriculture,England/Wales,13,2016.75,11.0,10.0,11.0,2,0,1,0.25,39.13,1784443.0
2017,1,Q1 2017,Agriculture,England/Wales,10,2017.0,13.0,11.0,11.5,2,0,1,0.25,39.57,1861953.0
2017,2,Q2 2017,Agriculture,England/Wales,10,2017.25,10.0,13.0,11.0,2,0,1,0.25,38.3,1861953.0
2017,3,Q3 2017,Agriculture,England/Wales,10,2017.5,10.0,10.0,11.0,2,0,1,0.25,38.64,1861953.0
2017,4,Q4 2017,Agriculture,England/Wales,21,2017.75,10.0,10.0,10.75,2,0,1,0.413,41.23,1861953.0
2018,1,Q1 2018,Agriculture,England/Wales,12,2018.0,21.0,10.0,12.75,2,0,1,0.5,41.62,1922054.0
2018,2,Q2 2018,Agriculture,England/Wales,11,2018.25,12.0,21.0,13.25,2,0,1,0.5,40.89,1922054.0
2018,3,Q3 2018,Agriculture,England/Wales,10,2018.5,11.0,12.0,13.5,2,0,1,0.663,42.33,1922054.0
2018,4,Q4 2018,Agriculture,England/Wales,15,2018.75,10.0,11.0,13.5,2,0,1,0.75,45.37,1922054.0
2019,1,Q1 2019,Agriculture,England/Wales,8,2019.0,15.0,10.0,12.0,2,0,1,0.75,46.57,1996347.0
2019,2,Q2 2019,Agriculture,England/Wales,12,2019.25,8.0,15.0,11.0,2,0,1,0.75,45.14,1996347.0
2019,3,Q3 2019,Agriculture,England/Wales,16,2019.5,12.0,8.0,11.25,2,0,1,0.75,44.6,1996347.0
2019,4,Q4 2019,Agriculture,England/Wales,17,2019.75,16.0,12.0,12.75,2,0,1,0.75,47.61,1996347.0
2020,1,Q1 2020,Agriculture,England/Wales,14,2020.0,17.0,16.0,13.25,2,0,1,0.6132,46.94,1885198.0
2020,2,Q2 2020,Agriculture,England/Wales,10,2020.25,14.0,17.0,14.75,2,0,1,0.1,43.8,1885198.0
2020,3,Q3 2020,Agriculture,England/Wales,10,2020.5,10.0,14.0,14.25,2,0,1,0.1,44.5,1885198.0
2020,4,Q4 2020,Agriculture,England/Wales,6,2020.75,10.0,10.0,12.75,2,0,1,0.1,48.19,1885198.0
2021,1,Q1 2021,Agriculture,England/Wales,11,2021.0,6.0,10.0,10.0,2,0,1,0.1,49.59,2042011.0
2021,2,Q2 2021,Agriculture,England/Wales,8,2021.25,11.0,6.0,9.25,2,0,1,0.1,49.05,2042011.0
2021,3,Q3 2021,Agriculture,England/Wales,8,2021.5,8.0,11.0,8.75,2,0,1,0.1,53.66,2042011.0
2021,4,Q4 2021,Agriculture,England/Wales,11,2021.75,8.0,8.0,8.25,2,0,1,0.1261,60.97,2042011.0
2022,1,Q1 2022,Agriculture,England/Wales,11,2022.0,11.0,8.0,9.5,2,0,1,0.45,66.09,2243340.0
2022,2,Q2 2022,Agriculture,England/Wales,22,2022.25,11.0,11.0,9.5,2,0,1,0.9478,78.64,2243340.0
2022,3,Q3 2022,Agriculture,England/Wales,25,2022.5,22.0,11.0,13.0,2,0,1,1.6141,86.09,2243340.0
2022,4,Q4 2022,Agriculture,England/Wales,26,2022.75,25.0,22.0,17.25,2,0,1,2.8234,101.86,2243340.0
2023,1,Q1 2023,Agriculture,England/Wales,19,2023.0,26.0,25.0,21.0,2,0,1,3.8472,105.67,2422397.0
2023,2,Q2 2023,Agriculture,England/Wales,32,2023.25,19.0,26.0,23.0,2,0,1,4.4396,111.39,2422397.0
2023,3,Q3 2023,Agriculture,England/Wales,17,2023.5,32.0,19.0,25.5,2,0,1,5.1603,108.35,2422397.0
2023,4,Q4 2023,Agriculture,England/Wales,16,2023.75,17.0,32.0,23.5,2,0,1,5.25,108.98,2422397.0
2024,1,Q1 2024,Agriculture,England/Wales,22,2024.0,16.0,17.0,21.0,2,0,1,5.25,112.39,1861953.0
2024,2,Q2 2024,Agriculture,England/Wales,28,2024.25,22.0,16.0,21.75,2,0,1,5.25,100.2,1861953.0
2024,3,Q3 2024,Agriculture,England/Wales,14,2024.5,28.0,22.0,20.75,2,0,1,5.0842,100.64,1861953.0
2024,4,Q4 2024,Agriculture,England/Wales,34,2024.75,14.0,28.0,20.0,2,0,1,4.8505,104.57,1861953.0
2025,1,Q1 2025,Agriculture,England/Wales,26,2025.0,34.0,14.0,24.5,2,0,1,4.6,105.14,1861953.0
2025,2,Q2 2025,Agriculture,England/Wales,23,2025.25,26.0,34.0,25.5,2,0,1,4.3516,98.78,1861953.0
2025,3,Q3 2025,Agriculture,England/Wales,13,2025.5,23.0,26.0,24.25,2,0,1,4.25,98.05,1861953.0
2025,4,Q4 2025,Agriculture,England/Wales,28,2025.75,13.0,23.0,24.0,2,0,1,4.25,99.05,1861953.0
2026,1,Q1 2026,Agriculture,England/Wales,15,2026.0,28.0,13.0,22.5,2,0,1,0.75,49.59,1861953.0
2017,2,Q2 2017,Agriculture,Scotland,1,2017.25,2.0,3.0,2.5,2,1,1,0.25,38.3,159217.0
2017,3,Q3 2017,Agriculture,Scotland,4,2017.5,1.0,2.0,2.0,2,1,1,0.25,38.64,159217.0
2018,1,Q1 2018,Agriculture,Scotland,1,2018.0,4.0,1.0,2.5,2,1,1,0.5,41.62,162423.0
2018,3,Q3 2018,Agriculture,Scotland,1,2018.5,1.0,4.0,2.0,2,1,1,0.663,42.33,162423.0
2019,2,Q2 2019,Agriculture,Scotland,1,2019.25,1.0,1.0,1.75,2,1,1,0.75,45.14,168993.0
2020,1,Q1 2020,Agriculture,Scotland,1,2020.0,1.0,1.0,1.75,2,1,1,0.6132,46.94,158489.0
2020,2,Q2 2020,Agriculture,Scotland,1,2020.25,1.0,1.0,1.0,2,1,1,0.1,43.8,158489.0
2020,4,Q4 2020,Agriculture,Scotland,1,2020.75,1.0,1.0,1.0,2,1,1,0.1,48.19,158489.0
2021,1,Q1 2021,Agriculture,Scotland,4,2021.0,1.0,1.0,1.0,2,1,1,0.1,49.59,171688.0
2021,2,Q2 2021,Agriculture,Scotland,2,2021.25,4.0,1.0,1.75,2,1,1,0.1,49.05,171688.0
2021,3,Q3 2021,Agriculture,Scotland,6,2021.5,2.0,4.0,2.0,2,1,1,0.1,53.66,171688.0
2021,4,Q4 2021,Agriculture,Scotland,1,2021.75,6.0,2.0,3.25,2,1,1,0.1261,60.97,171688.0
2022,2,Q2 2022,Agriculture,Scotland,2,2022.25,1.0,6.0,3.25,2,1,1,0.9478,78.64,188246.0
2022,3,Q3 2022,Agriculture,Scotland,2,2022.5,2.0,1.0,2.75,2,1,1,1.6141,86.09,188246.0
2022,4,Q4 2022,Agriculture,Scotland,1,2022.75,2.0,2.0,2.75,2,1,1,2.8234,101.86,188246.0
2023,1,Q1 2023,Agriculture,Scotland,3,2023.0,1.0,2.0,1.5,2,1,1,3.8472,105.67,204188.0
2023,2,Q2 2023,Agriculture,Scotland,3,2023.25,3.0,1.0,2.0,2,1,1,4.4396,111.39,204188.0
2023,4,Q4 2023,Agriculture,Scotland,4,2023.75,3.0,3.0,2.25,2,1,1,5.25,108.98,204188.0
2024,1,Q1 2024,Agriculture,Scotland,7,2024.0,4.0,3.0,2.75,2,1,1,5.25,112.39,1861953.0
2024,2,Q2 2024,Agriculture,Scotland,2,2024.25,7.0,4.0,4.25,2,1,1,5.25,100.2,1861953.0
2024,3,Q3 2024,Agriculture,Scotland,2,2024.5,2.0,7.0,4.0,2,1,1,5.0842,100.64,1861953.0
2024,4,Q4 2024,Agriculture,Scotland,2,2024.75,2.0,2.0,3.75,2,1,1,4.8505,104.57,1861953.0
2025,1,Q1 2025,Agriculture,Scotland,1,2025.0,2.0,2.0,3.25,2,1,1,4.6,105.14,1861953.0
2025,2,Q2 2025,Agriculture,Scotland,3,2025.25,1.0,2.0,1.75,2,1,1,4.3516,98.78,1861953.0
2025,3,Q3 2025,Agriculture,Scotland,2,2025.5,3.0,1.0,2.0,2,1,1,4.25,98.05,1861953.0
2025,4,Q4 2025,Agriculture,Scotland,2,2025.75,2.0,3.0,2.0,2,1,1,4.25,99.05,1861953.0
2016,3,Q3 2016,Arts & Recreation,England/Wales,53,2016.5,47.0,52.0,49.5,3,0,1,0.3424,37.11,1784443.0
2016,4,Q4 2016,Arts & Recreation,England/Wales,66,2016.75,53.0,47.0,50.66666666666666,3,0,1,0.25,39.13,1784443.0
2017,1,Q1 2017,Arts & Recreation,England/Wales,80,2017.0,66.0,53.0,54.5,3,0,1,0.25,39.57,1861953.0
2017,2,Q2 2017,Arts & Recreation,England/Wales,70,2017.25,80.0,66.0,61.5,3,0,1,0.25,38.3,1861953.0
2017,3,Q3 2017,Arts & Recreation,England/Wales,51,2017.5,70.0,80.0,67.25,3,0,1,0.25,38.64,1861953.0
2017,4,Q4 2017,Arts & Recreation,England/Wales,65,2017.75,51.0,70.0,66.75,3,0,1,0.413,41.23,1861953.0
2018,1,Q1 2018,Arts & Recreation,England/Wales,86,2018.0,65.0,51.0,66.5,3,0,1,0.5,41.62,1922054.0
2018,2,Q2 2018,Arts & Recreation,England/Wales,63,2018.25,86.0,65.0,68.0,3,0,1,0.5,40.89,1922054.0
2018,3,Q3 2018,Arts & Recreation,England/Wales,83,2018.5,63.0,86.0,66.25,3,0,1,0.663,42.33,1922054.0
2018,4,Q4 2018,Arts & Recreation,England/Wales,61,2018.75,83.0,63.0,74.25,3,0,1,0.75,45.37,1922054.0
2019,1,Q1 2019,Arts & Recreation,England/Wales,86,2019.0,61.0,83.0,73.25,3,0,1,0.75,46.57,1996347.0
2019,2,Q2 2019,Arts & Recreation,England/Wales,73,2019.25,86.0,61.0,73.25,3,0,1,0.75,45.14,1996347.0
2019,3,Q3 2019,Arts & Recreation,England/Wales,86,2019.5,73.0,86.0,75.75,3,0,1,0.75,44.6,1996347.0
2019,4,Q4 2019,Arts & Recreation,England/Wales,92,2019.75,86.0,73.0,76.5,3,0,1,0.75,47.61,1996347.0
2020,1,Q1 2020,Arts & Recreation,England/Wales,69,2020.0,92.0,86.0,84.25,3,0,1,0.6132,46.94,1885198.0
2020,2,Q2 2020,Arts & Recreation,England/Wales,52,2020.25,69.0,92.0,80.0,3,0,1,0.1,43.8,1885198.0
2020,3,Q3 2020,Arts & Recreation,England/Wales,91,2020.5,52.0,69.0,74.75,3,0,1,0.1,44.5,1885198.0
2020,4,Q4 2020,Arts & Recreation,England/Wales,77,2020.75,91.0,52.0,76.0,3,0,1,0.1,48.19,1885198.0
2021,1,Q1 2021,Arts & Recreation,England/Wales,63,2021.0,77.0,91.0,72.25,3,0,1,0.1,49.59,2042011.0
2021,2,Q2 2021,Arts & Recreation,England/Wales,68,2021.25,63.0,77.0,70.75,3,0,1,0.1,49.05,2042011.0
2021,3,Q3 2021,Arts & Recreation,England/Wales,91,2021.5,68.0,63.0,74.75,3,0,1,0.1,53.66,2042011.0
2021,4,Q4 2021,Arts & Recreation,England/Wales,114,2021.75,91.0,68.0,74.75,3,0,1,0.1261,60.97,2042011.0
2022,1,Q1 2022,Arts & Recreation,England/Wales,102,2022.0,114.0,91.0,84.0,3,0,1,0.45,66.09,2243340.0
2022,2,Q2 2022,Arts & Recreation,England/Wales,108,2022.25,102.0,114.0,93.75,3,0,1,0.9478,78.64,2243340.0
2022,3,Q3 2022,Arts & Recreation,England/Wales,110,2022.5,108.0,102.0,103.75,3,0,1,1.6141,86.09,2243340.0
2022,4,Q4 2022,Arts & Recreation,England/Wales,112,2022.75,110.0,108.0,108.5,3,0,1,2.8234,101.86,2243340.0
2023,1,Q1 2023,Arts & Recreation,England/Wales,117,2023.0,112.0,110.0,108.0,3,0,1,3.8472,105.67,2422397.0
2023,2,Q2 2023,Arts & Recreation,England/Wales,119,2023.25,117.0,112.0,111.75,3,0,1,4.4396,111.39,2422397.0
2023,3,Q3 2023,Arts & Recreation,England/Wales,116,2023.5,119.0,117.0,114.5,3,0,1,5.1603,108.35,2422397.0
2023,4,Q4 2023,Arts & Recreation,England/Wales,126,2023.75,116.0,119.0,116.0,3,0,1,5.25,108.98,2422397.0
2024,1,Q1 2024,Arts & Recreation,England/Wales,84,2024.0,126.0,116.0,119.5,3,0,1,5.25,112.39,1861953.0
2024,2,Q2 2024,Arts & Recreation,England/Wales,118,2024.25,84.0,126.0,111.25,3,0,1,5.25,100.2,1861953.0
2024,3,Q3 2024,Arts & Recreation,England/Wales,116,2024.5,118.0,84.0,111.0,3,0,1,5.0842,100.64,1861953.0
2024,4,Q4 2024,Arts & Recreation,England/Wales,107,2024.75,116.0,118.0,111.0,3,0,1,4.8505,104.57,1861953.0
2025,1,Q1 2025,Arts & Recreation,England/Wales,105,2025.0,107.0,116.0,106.25,3,0,1,4.6,105.14,1861953.0
2025,2,Q2 2025,Arts & Recreation,England/Wales,108,2025.25,105.0,107.0,111.5,3,0,1,4.3516,98.78,1861953.0
2025,3,Q3 2025,Arts & Recreation,England/Wales,134,2025.5,108.0,105.0,109.0,3,0,1,4.25,98.05,1861953.0
2025,4,Q4 2025,Arts & Recreation,England/Wales,116,2025.75,134.0,108.0,113.5,3,0,1,4.25,99.05,1861953.0
2026,1,Q1 2026,Arts & Recreation,England/Wales,116,2026.0,116.0,134.0,115.75,3,0,1,0.75,49.59,1861953.0
2016,3,Q3 2016,Arts & Recreation,Scotland,3,2016.5,6.0,4.0,5.0,3,1,1,0.3424,37.11,151973.0
2016,4,Q4 2016,Arts & Recreation,Scotland,3,2016.75,3.0,6.0,4.333333333333333,3,1,1,0.25,39.13,151973.0
2017,1,Q1 2017,Arts & Recreation,Scotland,3,2017.0,3.0,3.0,4.0,3,1,1,0.25,39.57,159217.0
2017,2,Q2 2017,Arts & Recreation,Scotland,2,2017.25,3.0,3.0,3.75,3,1,1,0.25,38.3,159217.0
2017,3,Q3 2017,Arts & Recreation,Scotland,5,2017.5,2.0,3.0,2.75,3,1,1,0.25,38.64,159217.0
2017,4,Q4 2017,Arts & Recreation,Scotland,2,2017.75,5.0,2.0,3.25,3,1,1,0.413,41.23,159217.0
2018,1,Q1 2018,Arts & Recreation,Scotland,3,2018.0,2.0,5.0,3.0,3,1,1,0.5,41.62,162423.0
2018,2,Q2 2018,Arts & Recreation,Scotland,5,2018.25,3.0,2.0,3.0,3,1,1,0.5,40.89,162423.0
2018,3,Q3 2018,Arts & Recreation,Scotland,2,2018.5,5.0,3.0,3.75,3,1,1,0.663,42.33,162423.0
2018,4,Q4 2018,Arts & Recreation,Scotland,4,2018.75,2.0,5.0,3.0,3,1,1,0.75,45.37,162423.0
2019,1,Q1 2019,Arts & Recreation,Scotland,4,2019.0,4.0,2.0,3.5,3,1,1,0.75,46.57,168993.0
2019,2,Q2 2019,Arts & Recreation,Scotland,5,2019.25,4.0,4.0,3.75,3,1,1,0.75,45.14,168993.0
2019,3,Q3 2019,Arts & Recreation,Scotland,8,2019.5,5.0,4.0,3.75,3,1,1,0.75,44.6,168993.0
2019,4,Q4 2019,Arts & Recreation,Scotland,6,2019.75,8.0,5.0,5.25,3,1,1,0.75,47.61,168993.0
2020,1,Q1 2020,Arts & Recreation,Scotland,1,2020.0,6.0,8.0,5.75,3,1,1,0.6132,46.94,158489.0
2020,2,Q2 2020,Arts & Recreation,Scotland,5,2020.25,1.0,6.0,5.0,3,1,1,0.1,43.8,158489.0
2020,3,Q3 2020,Arts & Recreation,Scotland,3,2020.5,5.0,1.0,5.0,3,1,1,0.1,44.5,158489.0
2020,4,Q4 2020,Arts & Recreation,Scotland,6,2020.75,3.0,5.0,3.75,3,1,1,0.1,48.19,158489.0
2021,1,Q1 2021,Arts & Recreation,Scotland,2,2021.0,6.0,3.0,3.75,3,1,1,0.1,49.59,171688.0
2021,2,Q2 2021,Arts & Recreation,Scotland,4,2021.25,2.0,6.0,4.0,3,1,1,0.1,49.05,171688.0
2021,3,Q3 2021,Arts & Recreation,Scotland,2,2021.5,4.0,2.0,3.75,3,1,1,0.1,53.66,171688.0
2021,4,Q4 2021,Arts & Recreation,Scotland,3,2021.75,2.0,4.0,3.5,3,1,1,0.1261,60.97,171688.0
2022,1,Q1 2022,Arts & Recreation,Scotland,1,2022.0,3.0,2.0,2.75,3,1,1,0.45,66.09,188246.0
2022,2,Q2 2022,Arts & Recreation,Scotland,6,2022.25,1.0,3.0,2.5,3,1,1,0.9478,78.64,188246.0
2022,3,Q3 2022,Arts & Recreation,Scotland,2,2022.5,6.0,1.0,3.0,3,1,1,1.6141,86.09,188246.0
2022,4,Q4 2022,Arts & Recreation,Scotland,6,2022.75,2.0,6.0,3.0,3,1,1,2.8234,101.86,188246.0
2023,1,Q1 2023,Arts & Recreation,Scotland,2,2023.0,6.0,2.0,3.75,3,1,1,3.8472,105.67,204188.0
2023,2,Q2 2023,Arts & Recreation,Scotland,5,2023.25,2.0,6.0,4.0,3,1,1,4.4396,111.39,204188.0
2023,3,Q3 2023,Arts & Recreation,Scotland,8,2023.5,5.0,2.0,3.75,3,1,1,5.1603,108.35,204188.0
2023,4,Q4 2023,Arts & Recreation,Scotland,9,2023.75,8.0,5.0,5.25,3,1,1,5.25,108.98,204188.0
2024,1,Q1 2024,Arts & Recreation,Scotland,5,2024.0,9.0,8.0,6.0,3,1,1,5.25,112.39,1861953.0
2024,2,Q2 2024,Arts & Recreation,Scotland,8,2024.25,5.0,9.0,6.75,3,1,1,5.25,100.2,1861953.0
2024,3,Q3 2024,Arts & Recreation,Scotland,7,2024.5,8.0,5.0,7.5,3,1,1,5.0842,100.64,1861953.0
2024,4,Q4 2024,Arts & Recreation,Scotland,6,2024.75,7.0,8.0,7.25,3,1,1,4.8505,104.57,1861953.0
2025,1,Q1 2025,Arts & Recreation,Scotland,5,2025.0,6.0,7.0,6.5,3,1,1,4.6,105.14,1861953.0
2025,2,Q2 2025,Arts & Recreation,Scotland,5,2025.25,5.0,6.0,6.5,3,1,1,4.3516,98.78,1861953.0
2025,3,Q3 2025,Arts & Recreation,Scotland,9,2025.5,5.0,5.0,5.75,3,1,1,4.25,98.05,1861953.0
2025,4,Q4 2025,Arts & Recreation,Scotland,3,2025.75,9.0,5.0,6.25,3,1,1,4.25,99.05,1861953.0
2026,1,Q1 2026,Arts & Recreation,Scotland,6,2026.0,3.0,9.0,5.5,3,1,1,0.75,49.59,1861953.0
2016,3,Q3 2016,Construction,England/Wales,599,2016.5,650.0,649.0,649.5,4,0,2,0.3424,37.11,1784443.0
2016,4,Q4 2016,Construction,England/Wales,659,2016.75,599.0,650.0,632.6666666666666,4,0,2,0.25,39.13,1784443.0
2017,1,Q1 2017,Construction,England/Wales,730,2017.0,659.0,599.0,639.25,4,0,2,0.25,39.57,1861953.0
2017,2,Q2 2017,Construction,England/Wales,619,2017.25,730.0,659.0,659.5,4,0,2,0.25,38.3,1861953.0
2017,3,Q3 2017,Construction,England/Wales,637,2017.5,619.0,730.0,651.75,4,0,2,0.25,38.64,1861953.0
2017,4,Q4 2017,Construction,England/Wales,647,2017.75,637.0,619.0,661.25,4,0,2,0.413,41.23,1861953.0
2018,1,Q1 2018,Construction,England/Wales,781,2018.0,647.0,637.0,658.25,4,0,2,0.5,41.62,1922054.0
2018,2,Q2 2018,Construction,England/Wales,752,2018.25,781.0,647.0,671.0,4,0,2,0.5,40.89,1922054.0
2018,3,Q3 2018,Construction,England/Wales,785,2018.5,752.0,781.0,704.25,4,0,2,0.663,42.33,1922054.0
2018,4,Q4 2018,Construction,England/Wales,678,2018.75,785.0,752.0,741.25,4,0,2,0.75,45.37,1922054.0
2019,1,Q1 2019,Construction,England/Wales,848,2019.0,678.0,785.0,749.0,4,0,2,0.75,46.57,1996347.0
2019,2,Q2 2019,Construction,England/Wales,822,2019.25,848.0,678.0,765.75,4,0,2,0.75,45.14,1996347.0
2019,3,Q3 2019,Construction,England/Wales,775,2019.5,822.0,848.0,783.25,4,0,2,0.75,44.6,1996347.0
2019,4,Q4 2019,Construction,England/Wales,776,2019.75,775.0,822.0,780.75,4,0,2,0.75,47.61,1996347.0
2020,1,Q1 2020,Construction,England/Wales,726,2020.0,776.0,775.0,805.25,4,0,2,0.6132,46.94,1885198.0
2020,2,Q2 2020,Construction,England/Wales,517,2020.25,726.0,776.0,774.75,4,0,2,0.1,43.8,1885198.0
2020,3,Q3 2020,Construction,England/Wales,392,2020.5,517.0,726.0,698.5,4,0,2,0.1,44.5,1885198.0
2020,4,Q4 2020,Construction,England/Wales,426,2020.75,392.0,517.0,602.75,4,0,2,0.1,48.19,1885198.0
2021,1,Q1 2021,Construction,England/Wales,403,2021.0,426.0,392.0,515.25,4,0,2,0.1,49.59,2042011.0
2021,2,Q2 2021,Construction,England/Wales,596,2021.25,403.0,426.0,434.5,4,0,2,0.1,49.05,2042011.0
2021,3,Q3 2021,Construction,England/Wales,716,2021.5,596.0,403.0,454.25,4,0,2,0.1,53.66,2042011.0
2021,4,Q4 2021,Construction,England/Wales,866,2021.75,716.0,596.0,535.25,4,0,2,0.1261,60.97,2042011.0
2022,1,Q1 2022,Construction,England/Wales,1048,2022.0,866.0,716.0,645.25,4,0,2,0.45,66.09,2243340.0
2022,2,Q2 2022,Construction,England/Wales,1048,2022.25,1048.0,866.0,806.5,4,0,2,0.9478,78.64,2243340.0
2022,3,Q3 2022,Construction,England/Wales,999,2022.5,1048.0,1048.0,919.5,4,0,2,1.6141,86.09,2243340.0
2022,4,Q4 2022,Construction,England/Wales,1073,2022.75,999.0,1048.0,990.25,4,0,2,2.8234,101.86,2243340.0
2023,1,Q1 2023,Construction,England/Wales,1069,2023.0,1073.0,999.0,1042.0,4,0,2,3.8472,105.67,2422397.0
2023,2,Q2 2023,Construction,England/Wales,1141,2023.25,1069.0,1073.0,1047.25,4,0,2,4.4396,111.39,2422397.0
2023,3,Q3 2023,Construction,England/Wales,1011,2023.5,1141.0,1069.0,1070.5,4,0,2,5.1603,108.35,2422397.0
2023,4,Q4 2023,Construction,England/Wales,1168,2023.75,1011.0,1141.0,1073.5,4,0,2,5.25,108.98,2422397.0
2024,1,Q1 2024,Construction,England/Wales,977,2024.0,1168.0,1011.0,1097.25,4,0,2,5.25,112.39,1861953.0
2024,2,Q2 2024,Construction,England/Wales,1163,2024.25,977.0,1168.0,1074.25,4,0,2,5.25,100.2,1861953.0
2024,3,Q3 2024,Construction,England/Wales,966,2024.5,1163.0,977.0,1079.75,4,0,2,5.0842,100.64,1861953.0
2024,4,Q4 2024,Construction,England/Wales,934,2024.75,966.0,1163.0,1068.5,4,0,2,4.8505,104.57,1861953.0
2025,1,Q1 2025,Construction,England/Wales,1049,2025.0,934.0,966.0,1010.0,4,0,2,4.6,105.14,1861953.0
2025,2,Q2 2025,Construction,England/Wales,1038,2025.25,1049.0,934.0,1028.0,4,0,2,4.3516,98.78,1861953.0
2025,3,Q3 2025,Construction,England/Wales,916,2025.5,1038.0,1049.0,996.75,4,0,2,4.25,98.05,1861953.0
2025,4,Q4 2025,Construction,England/Wales,942,2025.75,916.0,1038.0,984.25,4,0,2,4.25,99.05,1861953.0
2026,1,Q1 2026,Construction,England/Wales,907,2026.0,942.0,916.0,986.25,4,0,2,0.75,49.59,1861953.0
2016,3,Q3 2016,Construction,Scotland,48,2016.5,47.0,30.0,38.5,4,1,2,0.3424,37.11,151973.0
2016,4,Q4 2016,Construction,Scotland,37,2016.75,48.0,47.0,41.66666666666666,4,1,2,0.25,39.13,151973.0
2017,1,Q1 2017,Construction,Scotland,29,2017.0,37.0,48.0,40.5,4,1,2,0.25,39.57,159217.0
2017,2,Q2 2017,Construction,Scotland,49,2017.25,29.0,37.0,40.25,4,1,2,0.25,38.3,159217.0
2017,3,Q3 2017,Construction,Scotland,38,2017.5,49.0,29.0,40.75,4,1,2,0.25,38.64,159217.0
2017,4,Q4 2017,Construction,Scotland,36,2017.75,38.0,49.0,38.25,4,1,2,0.413,41.23,159217.0
2018,1,Q1 2018,Construction,Scotland,50,2018.0,36.0,38.0,38.0,4,1,2,0.5,41.62,162423.0
2018,2,Q2 2018,Construction,Scotland,47,2018.25,50.0,36.0,43.25,4,1,2,0.5,40.89,162423.0
2018,3,Q3 2018,Construction,Scotland,51,2018.5,47.0,50.0,42.75,4,1,2,0.663,42.33,162423.0
2018,4,Q4 2018,Construction,Scotland,54,2018.75,51.0,47.0,46.0,4,1,2,0.75,45.37,162423.0
2019,1,Q1 2019,Construction,Scotland,47,2019.0,54.0,51.0,50.5,4,1,2,0.75,46.57,168993.0
2019,2,Q2 2019,Construction,Scotland,59,2019.25,47.0,54.0,49.75,4,1,2,0.75,45.14,168993.0
2019,3,Q3 2019,Construction,Scotland,53,2019.5,59.0,47.0,52.75,4,1,2,0.75,44.6,168993.0
2019,4,Q4 2019,Construction,Scotland,48,2019.75,53.0,59.0,53.25,4,1,2,0.75,47.61,168993.0
2020,1,Q1 2020,Construction,Scotland,48,2020.0,48.0,53.0,51.75,4,1,2,0.6132,46.94,158489.0
2020,2,Q2 2020,Construction,Scotland,24,2020.25,48.0,48.0,52.0,4,1,2,0.1,43.8,158489.0
2020,3,Q3 2020,Construction,Scotland,22,2020.5,24.0,48.0,43.25,4,1,2,0.1,44.5,158489.0
2020,4,Q4 2020,Construction,Scotland,20,2020.75,22.0,24.0,35.5,4,1,2,0.1,48.19,158489.0
2021,1,Q1 2021,Construction,Scotland,15,2021.0,20.0,22.0,28.5,4,1,2,0.1,49.59,171688.0
2021,2,Q2 2021,Construction,Scotland,33,2021.25,15.0,20.0,20.25,4,1,2,0.1,49.05,171688.0
2021,3,Q3 2021,Construction,Scotland,53,2021.5,33.0,15.0,22.5,4,1,2,0.1,53.66,171688.0
2021,4,Q4 2021,Construction,Scotland,50,2021.75,53.0,33.0,30.25,4,1,2,0.1261,60.97,171688.0
2022,1,Q1 2022,Construction,Scotland,37,2022.0,50.0,53.0,37.75,4,1,2,0.45,66.09,188246.0
2022,2,Q2 2022,Construction,Scotland,44,2022.25,37.0,50.0,43.25,4,1,2,0.9478,78.64,188246.0
2022,3,Q3 2022,Construction,Scotland,50,2022.5,44.0,37.0,46.0,4,1,2,1.6141,86.09,188246.0
2022,4,Q4 2022,Construction,Scotland,61,2022.75,50.0,44.0,45.25,4,1,2,2.8234,101.86,188246.0
2023,1,Q1 2023,Construction,Scotland,52,2023.0,61.0,50.0,48.0,4,1,2,3.8472,105.67,204188.0
2023,2,Q2 2023,Construction,Scotland,54,2023.25,52.0,61.0,51.75,4,1,2,4.4396,111.39,204188.0
2023,3,Q3 2023,Construction,Scotland,56,2023.5,54.0,52.0,54.25,4,1,2,5.1603,108.35,204188.0
2023,4,Q4 2023,Construction,Scotland,41,2023.75,56.0,54.0,55.75,4,1,2,5.25,108.98,204188.0
2024,1,Q1 2024,Construction,Scotland,52,2024.0,41.0,56.0,50.75,4,1,2,5.25,112.39,1861953.0
2024,2,Q2 2024,Construction,Scotland,55,2024.25,52.0,41.0,50.75,4,1,2,5.25,100.2,1861953.0
2024,3,Q3 2024,Construction,Scotland,53,2024.5,55.0,52.0,51.0,4,1,2,5.0842,100.64,1861953.0
2024,4,Q4 2024,Construction,Scotland,42,2024.75,53.0,55.0,50.25,4,1,2,4.8505,104.57,1861953.0
2025,1,Q1 2025,Construction,Scotland,44,2025.0,42.0,53.0,50.5,4,1,2,4.6,105.14,1861953.0
2025,2,Q2 2025,Construction,Scotland,65,2025.25,44.0,42.0,48.5,4,1,2,4.3516,98.78,1861953.0
2025,3,Q3 2025,Construction,Scotland,42,2025.5,65.0,44.0,51.0,4,1,2,4.25,98.05,1861953.0
2025,4,Q4 2025,Construction,Scotland,40,2025.75,42.0,65.0,48.25,4,1,2,4.25,99.05,1861953.0
2026,1,Q1 2026,Construction,Scotland,44,2026.0,40.0,42.0,47.75,4,1,2,0.75,49.59,1861953.0
2016,3,Q3 2016,Education,England/Wales,40,2016.5,41.0,54.0,47.5,5,0,1,0.3424,37.11,1784443.0
2016,4,Q4 2016,Education,England/Wales,35,2016.75,40.0,41.0,45.0,5,0,1,0.25,39.13,1784443.0
2017,1,Q1 2017,Education,England/Wales,47,2017.0,35.0,40.0,42.5,5,0,1,0.25,39.57,1861953.0
2017,2,Q2 2017,Education,England/Wales,36,2017.25,47.0,35.0,40.75,5,0,1,0.25,38.3,1861953.0
2017,3,Q3 2017,Education,England/Wales,45,2017.5,36.0,47.0,39.5,5,0,1,0.25,38.64,1861953.0
2017,4,Q4 2017,Education,England/Wales,41,2017.75,45.0,36.0,40.75,5,0,1,0.413,41.23,1861953.0
2018,1,Q1 2018,Education,England/Wales,57,2018.0,41.0,45.0,42.25,5,0,1,0.5,41.62,1922054.0
2018,2,Q2 2018,Education,England/Wales,31,2018.25,57.0,41.0,44.75,5,0,1,0.5,40.89,1922054.0
2018,3,Q3 2018,Education,England/Wales,53,2018.5,31.0,57.0,43.5,5,0,1,0.663,42.33,1922054.0
2018,4,Q4 2018,Education,England/Wales,38,2018.75,53.0,31.0,45.5,5,0,1,0.75,45.37,1922054.0
2019,1,Q1 2019,Education,England/Wales,34,2019.0,38.0,53.0,44.75,5,0,1,0.75,46.57,1996347.0
2019,2,Q2 2019,Education,England/Wales,31,2019.25,34.0,38.0,39.0,5,0,1,0.75,45.14,1996347.0
2019,3,Q3 2019,Education,England/Wales,44,2019.5,31.0,34.0,39.0,5,0,1,0.75,44.6,1996347.0
2019,4,Q4 2019,Education,England/Wales,42,2019.75,44.0,31.0,36.75,5,0,1,0.75,47.61,1996347.0
2020,1,Q1 2020,Education,England/Wales,30,2020.0,42.0,44.0,37.75,5,0,1,0.6132,46.94,1885198.0
2020,2,Q2 2020,Education,England/Wales,44,2020.25,30.0,42.0,36.75,5,0,1,0.1,43.8,1885198.0
2020,3,Q3 2020,Education,England/Wales,32,2020.5,44.0,30.0,40.0,5,0,1,0.1,44.5,1885198.0
2020,4,Q4 2020,Education,England/Wales,48,2020.75,32.0,44.0,37.0,5,0,1,0.1,48.19,1885198.0
2021,1,Q1 2021,Education,England/Wales,26,2021.0,48.0,32.0,38.5,5,0,1,0.1,49.59,2042011.0
2021,2,Q2 2021,Education,England/Wales,32,2021.25,26.0,48.0,37.5,5,0,1,0.1,49.05,2042011.0
2021,3,Q3 2021,Education,England/Wales,53,2021.5,32.0,26.0,34.5,5,0,1,0.1,53.66,2042011.0
2021,4,Q4 2021,Education,England/Wales,70,2021.75,53.0,32.0,39.75,5,0,1,0.1261,60.97,2042011.0
2022,1,Q1 2022,Education,England/Wales,64,2022.0,70.0,53.0,45.25,5,0,1,0.45,66.09,2243340.0
2022,2,Q2 2022,Education,England/Wales,60,2022.25,64.0,70.0,54.75,5,0,1,0.9478,78.64,2243340.0
2022,3,Q3 2022,Education,England/Wales,73,2022.5,60.0,64.0,61.75,5,0,1,1.6141,86.09,2243340.0
2022,4,Q4 2022,Education,England/Wales,73,2022.75,73.0,60.0,66.75,5,0,1,2.8234,101.86,2243340.0
2023,1,Q1 2023,Education,England/Wales,65,2023.0,73.0,73.0,67.5,5,0,1,3.8472,105.67,2422397.0
2023,2,Q2 2023,Education,England/Wales,87,2023.25,65.0,73.0,67.75,5,0,1,4.4396,111.39,2422397.0
2023,3,Q3 2023,Education,England/Wales,80,2023.5,87.0,65.0,74.5,5,0,1,5.1603,108.35,2422397.0
2023,4,Q4 2023,Education,England/Wales,82,2023.75,80.0,87.0,76.25,5,0,1,5.25,108.98,2422397.0
2024,1,Q1 2024,Education,England/Wales,62,2024.0,82.0,80.0,78.5,5,0,1,5.25,112.39,1861953.0
2024,2,Q2 2024,Education,England/Wales,63,2024.25,62.0,82.0,77.75,5,0,1,5.25,100.2,1861953.0
2024,3,Q3 2024,Education,England/Wales,79,2024.5,63.0,62.0,71.75,5,0,1,5.0842,100.64,1861953.0
2024,4,Q4 2024,Education,England/Wales,61,2024.75,79.0,63.0,71.5,5,0,1,4.8505,104.57,1861953.0
2025,1,Q1 2025,Education,England/Wales,60,2025.0,61.0,79.0,66.25,5,0,1,4.6,105.14,1861953.0
2025,2,Q2 2025,Education,England/Wales,62,2025.25,60.0,61.0,65.75,5,0,1,4.3516,98.78,1861953.0
2025,3,Q3 2025,Education,England/Wales,81,2025.5,62.0,60.0,65.5,5,0,1,4.25,98.05,1861953.0
2025,4,Q4 2025,Education,England/Wales,45,2025.75,81.0,62.0,66.0,5,0,1,4.25,99.05,1861953.0
2026,1,Q1 2026,Education,England/Wales,57,2026.0,45.0,81.0,62.0,5,0,1,0.75,49.59,1861953.0
2016,3,Q3 2016,Education,Scotland,3,2016.5,2.0,1.0,1.5,5,1,1,0.3424,37.11,151973.0
2016,4,Q4 2016,Education,Scotland,3,2016.75,3.0,2.0,2.0,5,1,1,0.25,39.13,151973.0
2017,1,Q1 2017,Education,Scotland,1,2017.0,3.0,3.0,2.25,5,1,1,0.25,39.57,159217.0
2017,3,Q3 2017,Education,Scotland,1,2017.5,1.0,3.0,2.25,5,1,1,0.25,38.64,159217.0
2017,4,Q4 2017,Education,Scotland,3,2017.75,1.0,1.0,2.0,5,1,1,0.413,41.23,159217.0
2018,1,Q1 2018,Education,Scotland,3,2018.0,3.0,1.0,2.0,5,1,1,0.5,41.62,162423.0
2018,2,Q2 2018,Education,Scotland,3,2018.25,3.0,3.0,2.0,5,1,1,0.5,40.89,162423.0
2018,3,Q3 2018,Education,Scotland,1,2018.5,3.0,3.0,2.5,5,1,1,0.663,42.33,162423.0
2018,4,Q4 2018,Education,Scotland,4,2018.75,1.0,3.0,2.5,5,1,1,0.75,45.37,162423.0
2019,2,Q2 2019,Education,Scotland,3,2019.25,4.0,1.0,2.75,5,1,1,0.75,45.14,168993.0
2019,3,Q3 2019,Education,Scotland,1,2019.5,3.0,4.0,2.75,5,1,1,0.75,44.6,168993.0
2019,4,Q4 2019,Education,Scotland,3,2019.75,1.0,3.0,2.25,5,1,1,0.75,47.61,168993.0
2020,1,Q1 2020,Education,Scotland,1,2020.0,3.0,1.0,2.75,5,1,1,0.6132,46.94,158489.0
2020,3,Q3 2020,Education,Scotland,2,2020.5,1.0,3.0,2.0,5,1,1,0.1,44.5,158489.0
2021,1,Q1 2021,Education,Scotland,1,2021.0,2.0,1.0,1.75,5,1,1,0.1,49.59,171688.0
2021,2,Q2 2021,Education,Scotland,1,2021.25,1.0,2.0,1.75,5,1,1,0.1,49.05,171688.0
2021,3,Q3 2021,Education,Scotland,4,2021.5,1.0,1.0,1.25,5,1,1,0.1,53.66,171688.0
2021,4,Q4 2021,Education,Scotland,5,2021.75,4.0,1.0,2.0,5,1,1,0.1261,60.97,171688.0
2022,1,Q1 2022,Education,Scotland,2,2022.0,5.0,4.0,2.75,5,1,1,0.45,66.09,188246.0
2022,2,Q2 2022,Education,Scotland,1,2022.25,2.0,5.0,3.0,5,1,1,0.9478,78.64,188246.0
2022,3,Q3 2022,Education,Scotland,4,2022.5,1.0,2.0,3.0,5,1,1,1.6141,86.09,188246.0
2023,2,Q2 2023,Education,Scotland,3,2023.25,4.0,1.0,3.0,5,1,1,4.4396,111.39,204188.0
2023,3,Q3 2023,Education,Scotland,6,2023.5,3.0,4.0,2.5,5,1,1,5.1603,108.35,204188.0
2023,4,Q4 2023,Education,Scotland,3,2023.75,6.0,3.0,3.5,5,1,1,5.25,108.98,204188.0
2024,1,Q1 2024,Education,Scotland,3,2024.0,3.0,6.0,4.0,5,1,1,5.25,112.39,1861953.0
2024,2,Q2 2024,Education,Scotland,5,2024.25,3.0,3.0,3.75,5,1,1,5.25,100.2,1861953.0
2024,4,Q4 2024,Education,Scotland,4,2024.75,5.0,3.0,4.25,5,1,1,4.8505,104.57,1861953.0
2025,1,Q1 2025,Education,Scotland,4,2025.0,4.0,5.0,3.75,5,1,1,4.6,105.14,1861953.0
2025,2,Q2 2025,Education,Scotland,3,2025.25,4.0,4.0,4.0,5,1,1,4.3516,98.78,1861953.0
2025,3,Q3 2025,Education,Scotland,2,2025.5,3.0,4.0,4.0,5,1,1,4.25,98.05,1861953.0
2025,4,Q4 2025,Education,Scotland,1,2025.75,2.0,3.0,3.25,5,1,1,4.25,99.05,1861953.0
2026,1,Q1 2026,Education,Scotland,1,2026.0,1.0,2.0,2.5,5,1,1,0.75,49.59,1861953.0
2016,3,Q3 2016,Energy Supply,England/Wales,13,2016.5,11.0,5.0,8.0,6,0,0,0.3424,37.11,1784443.0
2016,4,Q4 2016,Energy Supply,England/Wales,18,2016.75,13.0,11.0,9.666666666666666,6,0,0,0.25,39.13,1784443.0
2017,1,Q1 2017,Energy Supply,England/Wales,7,2017.0,18.0,13.0,11.75,6,0,0,0.25,39.57,1861953.0
2017,2,Q2 2017,Energy Supply,England/Wales,16,2017.25,7.0,18.0,12.25,6,0,0,0.25,38.3,1861953.0
2017,3,Q3 2017,Energy Supply,England/Wales,14,2017.5,16.0,7.0,13.5,6,0,0,0.25,38.64,1861953.0
2017,4,Q4 2017,Energy Supply,England/Wales,8,2017.75,14.0,16.0,13.75,6,0,0,0.413,41.23,1861953.0
2018,1,Q1 2018,Energy Supply,England/Wales,10,2018.0,8.0,14.0,11.25,6,0,0,0.5,41.62,1922054.0
2018,2,Q2 2018,Energy Supply,England/Wales,15,2018.25,10.0,8.0,12.0,6,0,0,0.5,40.89,1922054.0
2018,3,Q3 2018,Energy Supply,England/Wales,20,2018.5,15.0,10.0,11.75,6,0,0,0.663,42.33,1922054.0
2018,4,Q4 2018,Energy Supply,England/Wales,17,2018.75,20.0,15.0,13.25,6,0,0,0.75,45.37,1922054.0
2019,1,Q1 2019,Energy Supply,England/Wales,22,2019.0,17.0,20.0,15.5,6,0,0,0.75,46.57,1996347.0
2019,2,Q2 2019,Energy Supply,England/Wales,13,2019.25,22.0,17.0,18.5,6,0,0,0.75,45.14,1996347.0
2019,3,Q3 2019,Energy Supply,England/Wales,22,2019.5,13.0,22.0,18.0,6,0,0,0.75,44.6,1996347.0
2019,4,Q4 2019,Energy Supply,England/Wales,13,2019.75,22.0,13.0,18.5,6,0,0,0.75,47.61,1996347.0
2020,1,Q1 2020,Energy Supply,England/Wales,14,2020.0,13.0,22.0,17.5,6,0,0,0.6132,46.94,1885198.0
2020,2,Q2 2020,Energy Supply,England/Wales,9,2020.25,14.0,13.0,15.5,6,0,0,0.1,43.8,1885198.0
2020,3,Q3 2020,Energy Supply,England/Wales,10,2020.5,9.0,14.0,14.5,6,0,0,0.1,44.5,1885198.0
2020,4,Q4 2020,Energy Supply,England/Wales,20,2020.75,10.0,9.0,11.5,6,0,0,0.1,48.19,1885198.0
2021,1,Q1 2021,Energy Supply,England/Wales,19,2021.0,20.0,10.0,13.25,6,0,0,0.1,49.59,2042011.0
2021,2,Q2 2021,Energy Supply,England/Wales,9,2021.25,19.0,20.0,14.5,6,0,0,0.1,49.05,2042011.0
2021,3,Q3 2021,Energy Supply,England/Wales,24,2021.5,9.0,19.0,14.5,6,0,0,0.1,53.66,2042011.0
2021,4,Q4 2021,Energy Supply,England/Wales,39,2021.75,24.0,9.0,18.0,6,0,0,0.1261,60.97,2042011.0
2022,1,Q1 2022,Energy Supply,England/Wales,32,2022.0,39.0,24.0,22.75,6,0,0,0.45,66.09,2243340.0
2022,2,Q2 2022,Energy Supply,England/Wales,25,2022.25,32.0,39.0,26.0,6,0,0,0.9478,78.64,2243340.0
2022,3,Q3 2022,Energy Supply,England/Wales,21,2022.5,25.0,32.0,30.0,6,0,0,1.6141,86.09,2243340.0
2022,4,Q4 2022,Energy Supply,England/Wales,15,2022.75,21.0,25.0,29.25,6,0,0,2.8234,101.86,2243340.0
2023,1,Q1 2023,Energy Supply,England/Wales,15,2023.0,15.0,21.0,23.25,6,0,0,3.8472,105.67,2422397.0
2023,2,Q2 2023,Energy Supply,England/Wales,13,2023.25,15.0,15.0,19.0,6,0,0,4.4396,111.39,2422397.0
2023,3,Q3 2023,Energy Supply,England/Wales,9,2023.5,13.0,15.0,16.0,6,0,0,5.1603,108.35,2422397.0
2023,4,Q4 2023,Energy Supply,England/Wales,16,2023.75,9.0,13.0,13.0,6,0,0,5.25,108.98,2422397.0
2024,1,Q1 2024,Energy Supply,England/Wales,13,2024.0,16.0,9.0,13.25,6,0,0,5.25,112.39,1861953.0
2024,2,Q2 2024,Energy Supply,England/Wales,16,2024.25,13.0,16.0,12.75,6,0,0,5.25,100.2,1861953.0
2024,3,Q3 2024,Energy Supply,England/Wales,12,2024.5,16.0,13.0,13.5,6,0,0,5.0842,100.64,1861953.0
2024,4,Q4 2024,Energy Supply,England/Wales,20,2024.75,12.0,16.0,14.25,6,0,0,4.8505,104.57,1861953.0
2025,1,Q1 2025,Energy Supply,England/Wales,19,2025.0,20.0,12.0,15.25,6,0,0,4.6,105.14,1861953.0
2025,2,Q2 2025,Energy Supply,England/Wales,11,2025.25,19.0,20.0,16.75,6,0,0,4.3516,98.78,1861953.0
2025,3,Q3 2025,Energy Supply,England/Wales,17,2025.5,11.0,19.0,15.5,6,0,0,4.25,98.05,1861953.0
2025,4,Q4 2025,Energy Supply,England/Wales,11,2025.75,17.0,11.0,16.75,6,0,0,4.25,99.05,1861953.0
2026,1,Q1 2026,Energy Supply,England/Wales,16,2026.0,11.0,17.0,14.5,6,0,0,0.75,49.59,1861953.0
2016,4,Q4 2016,Energy Supply,Scotland,1,2016.75,1.0,1.0,1.0,6,1,0,0.25,39.13,151973.0
2017,1,Q1 2017,Energy Supply,Scotland,3,2017.0,1.0,1.0,1.0,6,1,0,0.25,39.57,159217.0
2017,2,Q2 2017,Energy Supply,Scotland,1,2017.25,3.0,1.0,1.5,6,1,0,0.25,38.3,159217.0
2017,3,Q3 2017,Energy Supply,Scotland,3,2017.5,1.0,3.0,1.5,6,1,0,0.25,38.64,159217.0
2017,4,Q4 2017,Energy Supply,Scotland,3,2017.75,3.0,1.0,2.0,6,1,0,0.413,41.23,159217.0
2018,2,Q2 2018,Energy Supply,Scotland,1,2018.25,3.0,3.0,2.5,6,1,0,0.5,40.89,162423.0
2018,3,Q3 2018,Energy Supply,Scotland,1,2018.5,1.0,3.0,2.0,6,1,0,0.663,42.33,162423.0
2019,1,Q1 2019,Energy Supply,Scotland,1,2019.0,1.0,1.0,2.0,6,1,0,0.75,46.57,168993.0
2019,3,Q3 2019,Energy Supply,Scotland,1,2019.5,1.0,1.0,1.5,6,1,0,0.75,44.6,168993.0
2019,4,Q4 2019,Energy Supply,Scotland,1,2019.75,1.0,1.0,1.0,6,1,0,0.75,47.61,168993.0
2020,1,Q1 2020,Energy Supply,Scotland,2,2020.0,1.0,1.0,1.0,6,1,0,0.6132,46.94,158489.0
2020,3,Q3 2020,Energy Supply,Scotland,2,2020.5,2.0,1.0,1.25,6,1,0,0.1,44.5,158489.0
2020,4,Q4 2020,Energy Supply,Scotland,1,2020.75,2.0,2.0,1.5,6,1,0,0.1,48.19,158489.0
2021,2,Q2 2021,Energy Supply,Scotland,1,2021.25,1.0,2.0,1.5,6,1,0,0.1,49.05,171688.0
2021,3,Q3 2021,Energy Supply,Scotland,3,2021.5,1.0,1.0,1.5,6,1,0,0.1,53.66,171688.0
2022,1,Q1 2022,Energy Supply,Scotland,1,2022.0,3.0,1.0,1.75,6,1,0,0.45,66.09,188246.0
2023,2,Q2 2023,Energy Supply,Scotland,1,2023.25,1.0,3.0,1.5,6,1,0,4.4396,111.39,204188.0
2023,3,Q3 2023,Energy Supply,Scotland,1,2023.5,1.0,1.0,1.5,6,1,0,5.1603,108.35,204188.0
2023,4,Q4 2023,Energy Supply,Scotland,3,2023.75,1.0,1.0,1.5,6,1,0,5.25,108.98,204188.0
2024,1,Q1 2024,Energy Supply,Scotland,1,2024.0,3.0,1.0,1.5,6,1,0,5.25,112.39,1861953.0
2024,2,Q2 2024,Energy Supply,Scotland,1,2024.25,1.0,3.0,1.5,6,1,0,5.25,100.2,1861953.0
2024,4,Q4 2024,Energy Supply,Scotland,1,2024.75,1.0,1.0,1.5,6,1,0,4.8505,104.57,1861953.0
2025,1,Q1 2025,Energy Supply,Scotland,2,2025.0,1.0,1.0,1.5,6,1,0,4.6,105.14,1861953.0
2025,2,Q2 2025,Energy Supply,Scotland,3,2025.25,2.0,1.0,1.25,6,1,0,4.3516,98.78,1861953.0
2025,4,Q4 2025,Energy Supply,Scotland,2,2025.75,3.0,2.0,1.75,6,1,0,4.25,99.05,1861953.0
2026,1,Q1 2026,Energy Supply,Scotland,1,2026.0,2.0,3.0,2.0,6,1,0,0.75,49.59,1861953.0
2016,3,Q3 2016,Finance & Insurance,England/Wales,65,2016.5,66.0,72.0,69.0,7,0,1,0.3424,37.11,1784443.0
2016,4,Q4 2016,Finance & Insurance,England/Wales,62,2016.75,65.0,66.0,67.66666666666667,7,0,1,0.25,39.13,1784443.0
2017,1,Q1 2017,Finance & Insurance,England/Wales,84,2017.0,62.0,65.0,66.25,7,0,1,0.25,39.57,1861953.0
2017,2,Q2 2017,Finance & Insurance,England/Wales,64,2017.25,84.0,62.0,69.25,7,0,1,0.25,38.3,1861953.0
2017,3,Q3 2017,Finance & Insurance,England/Wales,48,2017.5,64.0,84.0,68.75,7,0,1,0.25,38.64,1861953.0
2017,4,Q4 2017,Finance & Insurance,England/Wales,52,2017.75,48.0,64.0,64.5,7,0,1,0.413,41.23,1861953.0
2018,1,Q1 2018,Finance & Insurance,England/Wales,67,2018.0,52.0,48.0,62.0,7,0,1,0.5,41.62,1922054.0
2018,2,Q2 2018,Finance & Insurance,England/Wales,77,2018.25,67.0,52.0,57.75,7,0,1,0.5,40.89,1922054.0
2018,3,Q3 2018,Finance & Insurance,England/Wales,80,2018.5,77.0,67.0,61.0,7,0,1,0.663,42.33,1922054.0
2018,4,Q4 2018,Finance & Insurance,England/Wales,78,2018.75,80.0,77.0,69.0,7,0,1,0.75,45.37,1922054.0
2019,1,Q1 2019,Finance & Insurance,England/Wales,73,2019.0,78.0,80.0,75.5,7,0,1,0.75,46.57,1996347.0
2019,2,Q2 2019,Finance & Insurance,England/Wales,84,2019.25,73.0,78.0,77.0,7,0,1,0.75,45.14,1996347.0
2019,3,Q3 2019,Finance & Insurance,England/Wales,88,2019.5,84.0,73.0,78.75,7,0,1,0.75,44.6,1996347.0
2019,4,Q4 2019,Finance & Insurance,England/Wales,75,2019.75,88.0,84.0,80.75,7,0,1,0.75,47.61,1996347.0
2020,1,Q1 2020,Finance & Insurance,England/Wales,104,2020.0,75.0,88.0,80.0,7,0,1,0.6132,46.94,1885198.0
2020,2,Q2 2020,Finance & Insurance,England/Wales,65,2020.25,104.0,75.0,87.75,7,0,1,0.1,43.8,1885198.0
2020,3,Q3 2020,Finance & Insurance,England/Wales,82,2020.5,65.0,104.0,83.0,7,0,1,0.1,44.5,1885198.0
2020,4,Q4 2020,Finance & Insurance,England/Wales,76,2020.75,82.0,65.0,81.5,7,0,1,0.1,48.19,1885198.0
2021,1,Q1 2021,Finance & Insurance,England/Wales,71,2021.0,76.0,82.0,81.75,7,0,1,0.1,49.59,2042011.0
2021,2,Q2 2021,Finance & Insurance,England/Wales,65,2021.25,71.0,76.0,73.5,7,0,1,0.1,49.05,2042011.0
2021,3,Q3 2021,Finance & Insurance,England/Wales,76,2021.5,65.0,71.0,73.5,7,0,1,0.1,53.66,2042011.0
2021,4,Q4 2021,Finance & Insurance,England/Wales,92,2021.75,76.0,65.0,72.0,7,0,1,0.1261,60.97,2042011.0
2022,1,Q1 2022,Finance & Insurance,England/Wales,94,2022.0,92.0,76.0,76.0,7,0,1,0.45,66.09,2243340.0
2022,2,Q2 2022,Finance & Insurance,England/Wales,94,2022.25,94.0,92.0,81.75,7,0,1,0.9478,78.64,2243340.0
2022,3,Q3 2022,Finance & Insurance,England/Wales,88,2022.5,94.0,94.0,89.0,7,0,1,1.6141,86.09,2243340.0
2022,4,Q4 2022,Finance & Insurance,England/Wales,138,2022.75,88.0,94.0,92.0,7,0,1,2.8234,101.86,2243340.0
2023,1,Q1 2023,Finance & Insurance,England/Wales,84,2023.0,138.0,88.0,103.5,7,0,1,3.8472,105.67,2422397.0
2023,2,Q2 2023,Finance & Insurance,England/Wales,109,2023.25,84.0,138.0,101.0,7,0,1,4.4396,111.39,2422397.0
2023,3,Q3 2023,Finance & Insurance,England/Wales,106,2023.5,109.0,84.0,104.75,7,0,1,5.1603,108.35,2422397.0
2023,4,Q4 2023,Finance & Insurance,England/Wales,121,2023.75,106.0,109.0,109.25,7,0,1,5.25,108.98,2422397.0
2024,1,Q1 2024,Finance & Insurance,England/Wales,106,2024.0,121.0,106.0,105.0,7,0,1,5.25,112.39,1861953.0
2024,2,Q2 2024,Finance & Insurance,England/Wales,156,2024.25,106.0,121.0,110.5,7,0,1,5.25,100.2,1861953.0
2024,3,Q3 2024,Finance & Insurance,England/Wales,119,2024.5,156.0,106.0,122.25,7,0,1,5.0842,100.64,1861953.0
2024,4,Q4 2024,Finance & Insurance,England/Wales,124,2024.75,119.0,156.0,125.5,7,0,1,4.8505,104.57,1861953.0
2025,1,Q1 2025,Finance & Insurance,England/Wales,109,2025.0,124.0,119.0,126.25,7,0,1,4.6,105.14,1861953.0
2025,2,Q2 2025,Finance & Insurance,England/Wales,133,2025.25,109.0,124.0,127.0,7,0,1,4.3516,98.78,1861953.0
2025,3,Q3 2025,Finance & Insurance,England/Wales,114,2025.5,133.0,109.0,121.25,7,0,1,4.25,98.05,1861953.0
2025,4,Q4 2025,Finance & Insurance,England/Wales,102,2025.75,114.0,133.0,120.0,7,0,1,4.25,99.05,1861953.0
2026,1,Q1 2026,Finance & Insurance,England/Wales,127,2026.0,102.0,114.0,114.5,7,0,1,0.75,49.59,1861953.0
2017,1,Q1 2017,Finance & Insurance,Scotland,1,2017.0,2.0,2.0,2.0,7,1,1,0.25,39.57,159217.0
2017,2,Q2 2017,Finance & Insurance,Scotland,2,2017.25,1.0,2.0,1.6666666666666667,7,1,1,0.25,38.3,159217.0
2017,3,Q3 2017,Finance & Insurance,Scotland,2,2017.5,2.0,1.0,1.75,7,1,1,0.25,38.64,159217.0
2017,4,Q4 2017,Finance & Insurance,Scotland,2,2017.75,2.0,2.0,1.75,7,1,1,0.413,41.23,159217.0
2018,1,Q1 2018,Finance & Insurance,Scotland,1,2018.0,2.0,2.0,1.75,7,1,1,0.5,41.62,162423.0
2018,2,Q2 2018,Finance & Insurance,Scotland,2,2018.25,1.0,2.0,1.75,7,1,1,0.5,40.89,162423.0
2018,3,Q3 2018,Finance & Insurance,Scotland,3,2018.5,2.0,1.0,1.75,7,1,1,0.663,42.33,162423.0
2018,4,Q4 2018,Finance & Insurance,Scotland,2,2018.75,3.0,2.0,2.0,7,1,1,0.75,45.37,162423.0
2019,1,Q1 2019,Finance & Insurance,Scotland,4,2019.0,2.0,3.0,2.0,7,1,1,0.75,46.57,168993.0
2019,2,Q2 2019,Finance & Insurance,Scotland,1,2019.25,4.0,2.0,2.75,7,1,1,0.75,45.14,168993.0
2019,4,Q4 2019,Finance & Insurance,Scotland,6,2019.75,1.0,4.0,2.5,7,1,1,0.75,47.61,168993.0
2020,1,Q1 2020,Finance & Insurance,Scotland,3,2020.0,6.0,1.0,3.25,7,1,1,0.6132,46.94,158489.0
2020,3,Q3 2020,Finance & Insurance,Scotland,1,2020.5,3.0,6.0,3.5,7,1,1,0.1,44.5,158489.0
2020,4,Q4 2020,Finance & Insurance,Scotland,3,2020.75,1.0,3.0,2.75,7,1,1,0.1,48.19,158489.0
2021,2,Q2 2021,Finance & Insurance,Scotland,2,2021.25,3.0,1.0,3.25,7,1,1,0.1,49.05,171688.0
2021,3,Q3 2021,Finance & Insurance,Scotland,2,2021.5,2.0,3.0,2.25,7,1,1,0.1,53.66,171688.0
2021,4,Q4 2021,Finance & Insurance,Scotland,5,2021.75,2.0,2.0,2.0,7,1,1,0.1261,60.97,171688.0
2022,1,Q1 2022,Finance & Insurance,Scotland,3,2022.0,5.0,2.0,3.0,7,1,1,0.45,66.09,188246.0
2022,2,Q2 2022,Finance & Insurance,Scotland,4,2022.25,3.0,5.0,3.0,7,1,1,0.9478,78.64,188246.0
2022,3,Q3 2022,Finance & Insurance,Scotland,7,2022.5,4.0,3.0,3.5,7,1,1,1.6141,86.09,188246.0
2023,1,Q1 2023,Finance & Insurance,Scotland,3,2023.0,7.0,4.0,4.75,7,1,1,3.8472,105.67,204188.0
2023,2,Q2 2023,Finance & Insurance,Scotland,2,2023.25,3.0,7.0,4.25,7,1,1,4.4396,111.39,204188.0
2023,3,Q3 2023,Finance & Insurance,Scotland,1,2023.5,2.0,3.0,4.0,7,1,1,5.1603,108.35,204188.0
2023,4,Q4 2023,Finance & Insurance,Scotland,3,2023.75,1.0,2.0,3.25,7,1,1,5.25,108.98,204188.0
2024,1,Q1 2024,Finance & Insurance,Scotland,3,2024.0,3.0,1.0,2.25,7,1,1,5.25,112.39,1861953.0
2024,2,Q2 2024,Finance & Insurance,Scotland,3,2024.25,3.0,3.0,2.25,7,1,1,5.25,100.2,1861953.0
2024,3,Q3 2024,Finance & Insurance,Scotland,1,2024.5,3.0,3.0,2.5,7,1,1,5.0842,100.64,1861953.0
2024,4,Q4 2024,Finance & Insurance,Scotland,3,2024.75,1.0,3.0,2.5,7,1,1,4.8505,104.57,1861953.0
2025,1,Q1 2025,Finance & Insurance,Scotland,4,2025.0,3.0,1.0,2.5,7,1,1,4.6,105.14,1861953.0
2025,2,Q2 2025,Finance & Insurance,Scotland,1,2025.25,4.0,3.0,2.75,7,1,1,4.3516,98.78,1861953.0
2025,3,Q3 2025,Finance & Insurance,Scotland,4,2025.5,1.0,4.0,2.25,7,1,1,4.25,98.05,1861953.0
2025,4,Q4 2025,Finance & Insurance,Scotland,1,2025.75,4.0,1.0,3.0,7,1,1,4.25,99.05,1861953.0
2026,1,Q1 2026,Finance & Insurance,Scotland,6,2026.0,1.0,4.0,2.5,7,1,1,0.75,49.59,1861953.0
2016,3,Q3 2016,Health & Social Work,England/Wales,71,2016.5,73.0,68.0,70.5,8,0,1,0.3424,37.11,1784443.0
2016,4,Q4 2016,Health & Social Work,England/Wales,87,2016.75,71.0,73.0,70.66666666666667,8,0,1,0.25,39.13,1784443.0
2017,1,Q1 2017,Health & Social Work,England/Wales,89,2017.0,87.0,71.0,74.75,8,0,1,0.25,39.57,1861953.0
2017,2,Q2 2017,Health & Social Work,England/Wales,82,2017.25,89.0,87.0,80.0,8,0,1,0.25,38.3,1861953.0
2017,3,Q3 2017,Health & Social Work,England/Wales,91,2017.5,82.0,89.0,82.25,8,0,1,0.25,38.64,1861953.0
2017,4,Q4 2017,Health & Social Work,England/Wales,90,2017.75,91.0,82.0,87.25,8,0,1,0.413,41.23,1861953.0
2018,1,Q1 2018,Health & Social Work,England/Wales,95,2018.0,90.0,91.0,88.0,8,0,1,0.5,41.62,1922054.0
2018,2,Q2 2018,Health & Social Work,England/Wales,88,2018.25,95.0,90.0,89.5,8,0,1,0.5,40.89,1922054.0
2018,3,Q3 2018,Health & Social Work,England/Wales,93,2018.5,88.0,95.0,91.0,8,0,1,0.663,42.33,1922054.0
2018,4,Q4 2018,Health & Social Work,England/Wales,79,2018.75,93.0,88.0,91.5,8,0,1,0.75,45.37,1922054.0
2019,1,Q1 2019,Health & Social Work,England/Wales,84,2019.0,79.0,93.0,88.75,8,0,1,0.75,46.57,1996347.0
2019,2,Q2 2019,Health & Social Work,England/Wales,85,2019.25,84.0,79.0,86.0,8,0,1,0.75,45.14,1996347.0
2019,3,Q3 2019,Health & Social Work,England/Wales,98,2019.5,85.0,84.0,85.25,8,0,1,0.75,44.6,1996347.0
2019,4,Q4 2019,Health & Social Work,England/Wales,102,2019.75,98.0,85.0,86.5,8,0,1,0.75,47.61,1996347.0
2020,1,Q1 2020,Health & Social Work,England/Wales,90,2020.0,102.0,98.0,92.25,8,0,1,0.6132,46.94,1885198.0
2020,2,Q2 2020,Health & Social Work,England/Wales,59,2020.25,90.0,102.0,93.75,8,0,1,0.1,43.8,1885198.0
2020,3,Q3 2020,Health & Social Work,England/Wales,42,2020.5,59.0,90.0,87.25,8,0,1,0.1,44.5,1885198.0
2020,4,Q4 2020,Health & Social Work,England/Wales,83,2020.75,42.0,59.0,73.25,8,0,1,0.1,48.19,1885198.0
2021,1,Q1 2021,Health & Social Work,England/Wales,51,2021.0,83.0,42.0,68.5,8,0,1,0.1,49.59,2042011.0
2021,2,Q2 2021,Health & Social Work,England/Wales,56,2021.25,51.0,83.0,58.75,8,0,1,0.1,49.05,2042011.0
2021,3,Q3 2021,Health & Social Work,England/Wales,88,2021.5,56.0,51.0,58.0,8,0,1,0.1,53.66,2042011.0
2021,4,Q4 2021,Health & Social Work,England/Wales,83,2021.75,88.0,56.0,69.5,8,0,1,0.1261,60.97,2042011.0
2022,1,Q1 2022,Health & Social Work,England/Wales,101,2022.0,83.0,88.0,69.5,8,0,1,0.45,66.09,2243340.0
2022,2,Q2 2022,Health & Social Work,England/Wales,129,2022.25,101.0,83.0,82.0,8,0,1,0.9478,78.64,2243340.0
2022,3,Q3 2022,Health & Social Work,England/Wales,112,2022.5,129.0,101.0,100.25,8,0,1,1.6141,86.09,2243340.0
2022,4,Q4 2022,Health & Social Work,England/Wales,122,2022.75,112.0,129.0,106.25,8,0,1,2.8234,101.86,2243340.0
2023,1,Q1 2023,Health & Social Work,England/Wales,140,2023.0,122.0,112.0,116.0,8,0,1,3.8472,105.67,2422397.0
2023,2,Q2 2023,Health & Social Work,England/Wales,114,2023.25,140.0,122.0,125.75,8,0,1,4.4396,111.39,2422397.0
2023,3,Q3 2023,Health & Social Work,England/Wales,129,2023.5,114.0,140.0,122.0,8,0,1,5.1603,108.35,2422397.0
2023,4,Q4 2023,Health & Social Work,England/Wales,132,2023.75,129.0,114.0,126.25,8,0,1,5.25,108.98,2422397.0
2024,1,Q1 2024,Health & Social Work,England/Wales,114,2024.0,132.0,129.0,128.75,8,0,1,5.25,112.39,1861953.0
2024,2,Q2 2024,Health & Social Work,England/Wales,156,2024.25,114.0,132.0,122.25,8,0,1,5.25,100.2,1861953.0
2024,3,Q3 2024,Health & Social Work,England/Wales,108,2024.5,156.0,114.0,132.75,8,0,1,5.0842,100.64,1861953.0
2024,4,Q4 2024,Health & Social Work,England/Wales,134,2024.75,108.0,156.0,127.5,8,0,1,4.8505,104.57,1861953.0
2025,1,Q1 2025,Health & Social Work,England/Wales,124,2025.0,134.0,108.0,128.0,8,0,1,4.6,105.14,1861953.0
2025,2,Q2 2025,Health & Social Work,England/Wales,161,2025.25,124.0,134.0,130.5,8,0,1,4.3516,98.78,1861953.0
2025,3,Q3 2025,Health & Social Work,England/Wales,167,2025.5,161.0,124.0,131.75,8,0,1,4.25,98.05,1861953.0
2025,4,Q4 2025,Health & Social Work,England/Wales,155,2025.75,167.0,161.0,146.5,8,0,1,4.25,99.05,1861953.0
2026,1,Q1 2026,Health & Social Work,England/Wales,158,2026.0,155.0,167.0,151.75,8,0,1,0.75,49.59,1861953.0
2016,3,Q3 2016,Health & Social Work,Scotland,3,2016.5,8.0,9.0,8.5,8,1,1,0.3424,37.11,151973.0
2016,4,Q4 2016,Health & Social Work,Scotland,3,2016.75,3.0,8.0,6.666666666666667,8,1,1,0.25,39.13,151973.0
2017,1,Q1 2017,Health & Social Work,Scotland,2,2017.0,3.0,3.0,5.75,8,1,1,0.25,39.57,159217.0
2017,2,Q2 2017,Health & Social Work,Scotland,2,2017.25,2.0,3.0,4.0,8,1,1,0.25,38.3,159217.0
2017,3,Q3 2017,Health & Social Work,Scotland,4,2017.5,2.0,2.0,2.5,8,1,1,0.25,38.64,159217.0
2017,4,Q4 2017,Health & Social Work,Scotland,1,2017.75,4.0,2.0,2.75,8,1,1,0.413,41.23,159217.0
2018,2,Q2 2018,Health & Social Work,Scotland,5,2018.25,1.0,4.0,2.25,8,1,1,0.5,40.89,162423.0
2018,4,Q4 2018,Health & Social Work,Scotland,1,2018.75,5.0,1.0,3.0,8,1,1,0.75,45.37,162423.0
2019,1,Q1 2019,Health & Social Work,Scotland,3,2019.0,1.0,5.0,2.75,8,1,1,0.75,46.57,168993.0
2019,2,Q2 2019,Health & Social Work,Scotland,3,2019.25,3.0,1.0,2.5,8,1,1,0.75,45.14,168993.0
2019,3,Q3 2019,Health & Social Work,Scotland,6,2019.5,3.0,3.0,3.0,8,1,1,0.75,44.6,168993.0
2019,4,Q4 2019,Health & Social Work,Scotland,2,2019.75,6.0,3.0,3.25,8,1,1,0.75,47.61,168993.0
2020,1,Q1 2020,Health & Social Work,Scotland,1,2020.0,2.0,6.0,3.5,8,1,1,0.6132,46.94,158489.0
2020,2,Q2 2020,Health & Social Work,Scotland,2,2020.25,1.0,2.0,3.0,8,1,1,0.1,43.8,158489.0
2020,3,Q3 2020,Health & Social Work,Scotland,1,2020.5,2.0,1.0,2.75,8,1,1,0.1,44.5,158489.0
2020,4,Q4 2020,Health & Social Work,Scotland,3,2020.75,1.0,2.0,1.5,8,1,1,0.1,48.19,158489.0
2021,3,Q3 2021,Health & Social Work,Scotland,3,2021.5,3.0,1.0,1.75,8,1,1,0.1,53.66,171688.0
2021,4,Q4 2021,Health & Social Work,Scotland,2,2021.75,3.0,3.0,2.25,8,1,1,0.1261,60.97,171688.0
2022,1,Q1 2022,Health & Social Work,Scotland,2,2022.0,2.0,3.0,2.25,8,1,1,0.45,66.09,188246.0
2022,2,Q2 2022,Health & Social Work,Scotland,4,2022.25,2.0,2.0,2.5,8,1,1,0.9478,78.64,188246.0
2022,3,Q3 2022,Health & Social Work,Scotland,1,2022.5,4.0,2.0,2.75,8,1,1,1.6141,86.09,188246.0
2022,4,Q4 2022,Health & Social Work,Scotland,5,2022.75,1.0,4.0,2.25,8,1,1,2.8234,101.86,188246.0
2023,1,Q1 2023,Health & Social Work,Scotland,4,2023.0,5.0,1.0,3.0,8,1,1,3.8472,105.67,204188.0
2023,2,Q2 2023,Health & Social Work,Scotland,7,2023.25,4.0,5.0,3.5,8,1,1,4.4396,111.39,204188.0
2023,3,Q3 2023,Health & Social Work,Scotland,8,2023.5,7.0,4.0,4.25,8,1,1,5.1603,108.35,204188.0
2023,4,Q4 2023,Health & Social Work,Scotland,2,2023.75,8.0,7.0,6.0,8,1,1,5.25,108.98,204188.0
2024,1,Q1 2024,Health & Social Work,Scotland,1,2024.0,2.0,8.0,5.25,8,1,1,5.25,112.39,1861953.0
2024,2,Q2 2024,Health & Social Work,Scotland,2,2024.25,1.0,2.0,4.5,8,1,1,5.25,100.2,1861953.0
2024,3,Q3 2024,Health & Social Work,Scotland,7,2024.5,2.0,1.0,3.25,8,1,1,5.0842,100.64,1861953.0
2024,4,Q4 2024,Health & Social Work,Scotland,7,2024.75,7.0,2.0,3.0,8,1,1,4.8505,104.57,1861953.0
2025,1,Q1 2025,Health & Social Work,Scotland,4,2025.0,7.0,7.0,4.25,8,1,1,4.6,105.14,1861953.0
2025,2,Q2 2025,Health & Social Work,Scotland,11,2025.25,4.0,7.0,5.0,8,1,1,4.3516,98.78,1861953.0
2025,3,Q3 2025,Health & Social Work,Scotland,5,2025.5,11.0,4.0,7.25,8,1,1,4.25,98.05,1861953.0
2025,4,Q4 2025,Health & Social Work,Scotland,6,2025.75,5.0,11.0,6.75,8,1,1,4.25,99.05,1861953.0
2026,1,Q1 2026,Health & Social Work,Scotland,6,2026.0,6.0,5.0,6.5,8,1,1,0.75,49.59,1861953.0
2016,3,Q3 2016,Household Activities,England/Wales,1,2016.5,1.0,2.0,1.5,9,0,1,0.3424,37.11,1784443.0
2017,1,Q1 2017,Household Activities,England/Wales,3,2017.0,1.0,1.0,1.3333333333333333,9,0,1,0.25,39.57,1861953.0
2017,4,Q4 2017,Household Activities,England/Wales,2,2017.75,3.0,1.0,1.75,9,0,1,0.413,41.23,1861953.0
2018,1,Q1 2018,Household Activities,England/Wales,4,2018.0,2.0,3.0,1.75,9,0,1,0.5,41.62,1922054.0
2018,3,Q3 2018,Household Activities,England/Wales,4,2018.5,4.0,2.0,2.5,9,0,1,0.663,42.33,1922054.0
2018,4,Q4 2018,Household Activities,England/Wales,3,2018.75,4.0,4.0,3.25,9,0,1,0.75,45.37,1922054.0
2019,1,Q1 2019,Household Activities,England/Wales,1,2019.0,3.0,4.0,3.25,9,0,1,0.75,46.57,1996347.0
2019,2,Q2 2019,Household Activities,England/Wales,2,2019.25,1.0,3.0,3.0,9,0,1,0.75,45.14,1996347.0
2020,1,Q1 2020,Household Activities,England/Wales,1,2020.0,2.0,1.0,2.5,9,0,1,0.6132,46.94,1885198.0
2021,4,Q4 2021,Household Activities,England/Wales,2,2021.75,1.0,2.0,1.75,9,0,1,0.1261,60.97,2042011.0
2022,1,Q1 2022,Household Activities,England/Wales,2,2022.0,2.0,1.0,1.5,9,0,1,0.45,66.09,2243340.0
2022,3,Q3 2022,Household Activities,England/Wales,4,2022.5,2.0,2.0,1.75,9,0,1,1.6141,86.09,2243340.0
2022,4,Q4 2022,Household Activities,England/Wales,2,2022.75,4.0,2.0,2.25,9,0,1,2.8234,101.86,2243340.0
2023,1,Q1 2023,Household Activities,England/Wales,3,2023.0,2.0,4.0,2.5,9,0,1,3.8472,105.67,2422397.0
2023,3,Q3 2023,Household Activities,England/Wales,3,2023.5,3.0,2.0,2.75,9,0,1,5.1603,108.35,2422397.0
2023,4,Q4 2023,Household Activities,England/Wales,1,2023.75,3.0,3.0,3.0,9,0,1,5.25,108.98,2422397.0
2024,1,Q1 2024,Household Activities,England/Wales,2,2024.0,1.0,3.0,2.25,9,0,1,5.25,112.39,1861953.0
2024,2,Q2 2024,Household Activities,England/Wales,1,2024.25,2.0,1.0,2.25,9,0,1,5.25,100.2,1861953.0
2024,3,Q3 2024,Household Activities,England/Wales,2,2024.5,1.0,2.0,1.75,9,0,1,5.0842,100.64,1861953.0
2024,4,Q4 2024,Household Activities,England/Wales,4,2024.75,2.0,1.0,1.5,9,0,1,4.8505,104.57,1861953.0
2025,1,Q1 2025,Household Activities,England/Wales,3,2025.0,4.0,2.0,2.25,9,0,1,4.6,105.14,1861953.0
2025,2,Q2 2025,Household Activities,England/Wales,2,2025.25,3.0,4.0,2.5,9,0,1,4.3516,98.78,1861953.0
2025,3,Q3 2025,Household Activities,England/Wales,4,2025.5,2.0,3.0,2.75,9,0,1,4.25,98.05,1861953.0
2026,1,Q1 2026,Household Activities,England/Wales,2,2026.0,4.0,2.0,3.25,9,0,1,0.75,49.59,1861953.0
2022,2,Q2 2022,Household Activities,Scotland,1,2022.25,1.0,2.0,1.5,9,1,1,0.9478,78.64,188246.0
2023,1,Q1 2023,Household Activities,Scotland,1,2023.0,1.0,1.0,1.3333333333333333,9,1,1,3.8472,105.67,204188.0
2024,2,Q2 2024,Household Activities,Scotland,1,2024.25,1.0,1.0,1.25,9,1,1,5.25,100.2,1861953.0
2016,3,Q3 2016,Information & Communication,England/Wales,217,2016.5,216.0,210.0,213.0,10,0,1,0.3424,37.11,1784443.0
2016,4,Q4 2016,Information & Communication,England/Wales,243,2016.75,217.0,216.0,214.33333333333331,10,0,1,0.25,39.13,1784443.0
2017,1,Q1 2017,Information & Communication,England/Wales,263,2017.0,243.0,217.0,221.5,10,0,1,0.25,39.57,1861953.0
2017,2,Q2 2017,Information & Communication,England/Wales,201,2017.25,263.0,243.0,234.75,10,0,1,0.25,38.3,1861953.0
2017,3,Q3 2017,Information & Communication,England/Wales,210,2017.5,201.0,263.0,231.0,10,0,1,0.25,38.64,1861953.0
2017,4,Q4 2017,Information & Communication,England/Wales,193,2017.75,210.0,201.0,229.25,10,0,1,0.413,41.23,1861953.0
2018,1,Q1 2018,Information & Communication,England/Wales,213,2018.0,193.0,210.0,216.75,10,0,1,0.5,41.62,1922054.0
2018,2,Q2 2018,Information & Communication,England/Wales,209,2018.25,213.0,193.0,204.25,10,0,1,0.5,40.89,1922054.0
2018,3,Q3 2018,Information & Communication,England/Wales,206,2018.5,209.0,213.0,206.25,10,0,1,0.663,42.33,1922054.0
2018,4,Q4 2018,Information & Communication,England/Wales,270,2018.75,206.0,209.0,205.25,10,0,1,0.75,45.37,1922054.0
2019,1,Q1 2019,Information & Communication,England/Wales,254,2019.0,270.0,206.0,224.5,10,0,1,0.75,46.57,1996347.0
2019,2,Q2 2019,Information & Communication,England/Wales,223,2019.25,254.0,270.0,234.75,10,0,1,0.75,45.14,1996347.0
2019,3,Q3 2019,Information & Communication,England/Wales,232,2019.5,223.0,254.0,238.25,10,0,1,0.75,44.6,1996347.0
2019,4,Q4 2019,Information & Communication,England/Wales,199,2019.75,232.0,223.0,244.75,10,0,1,0.75,47.61,1996347.0
2020,1,Q1 2020,Information & Communication,England/Wales,213,2020.0,199.0,232.0,227.0,10,0,1,0.6132,46.94,1885198.0
2020,2,Q2 2020,Information & Communication,England/Wales,157,2020.25,213.0,199.0,216.75,10,0,1,0.1,43.8,1885198.0
2020,3,Q3 2020,Information & Communication,England/Wales,136,2020.5,157.0,213.0,200.25,10,0,1,0.1,44.5,1885198.0
2020,4,Q4 2020,Information & Communication,England/Wales,184,2020.75,136.0,157.0,176.25,10,0,1,0.1,48.19,1885198.0
2021,1,Q1 2021,Information & Communication,England/Wales,163,2021.0,184.0,136.0,172.5,10,0,1,0.1,49.59,2042011.0
2021,2,Q2 2021,Information & Communication,England/Wales,220,2021.25,163.0,184.0,160.0,10,0,1,0.1,49.05,2042011.0
2021,3,Q3 2021,Information & Communication,England/Wales,266,2021.5,220.0,163.0,175.75,10,0,1,0.1,53.66,2042011.0
2021,4,Q4 2021,Information & Communication,England/Wales,259,2021.75,266.0,220.0,208.25,10,0,1,0.1261,60.97,2042011.0
2022,1,Q1 2022,Information & Communication,England/Wales,320,2022.0,259.0,266.0,227.0,10,0,1,0.45,66.09,2243340.0
2022,2,Q2 2022,Information & Communication,England/Wales,324,2022.25,320.0,259.0,266.25,10,0,1,0.9478,78.64,2243340.0
2022,3,Q3 2022,Information & Communication,England/Wales,295,2022.5,324.0,320.0,292.25,10,0,1,1.6141,86.09,2243340.0
2022,4,Q4 2022,Information & Communication,England/Wales,350,2022.75,295.0,324.0,299.5,10,0,1,2.8234,101.86,2243340.0
2023,1,Q1 2023,Information & Communication,England/Wales,290,2023.0,350.0,295.0,322.25,10,0,1,3.8472,105.67,2422397.0
2023,2,Q2 2023,Information & Communication,England/Wales,322,2023.25,290.0,350.0,314.75,10,0,1,4.4396,111.39,2422397.0
2023,3,Q3 2023,Information & Communication,England/Wales,359,2023.5,322.0,290.0,314.25,10,0,1,5.1603,108.35,2422397.0
2023,4,Q4 2023,Information & Communication,England/Wales,425,2023.75,359.0,322.0,330.25,10,0,1,5.25,108.98,2422397.0
2024,1,Q1 2024,Information & Communication,England/Wales,366,2024.0,425.0,359.0,349.0,10,0,1,5.25,112.39,1861953.0
2024,2,Q2 2024,Information & Communication,England/Wales,409,2024.25,366.0,425.0,368.0,10,0,1,5.25,100.2,1861953.0
2024,3,Q3 2024,Information & Communication,England/Wales,350,2024.5,409.0,366.0,389.75,10,0,1,5.0842,100.64,1861953.0
2024,4,Q4 2024,Information & Communication,England/Wales,388,2024.75,350.0,409.0,387.5,10,0,1,4.8505,104.57,1861953.0
2025,1,Q1 2025,Information & Communication,England/Wales,352,2025.0,388.0,350.0,378.25,10,0,1,4.6,105.14,1861953.0
2025,2,Q2 2025,Information & Communication,England/Wales,373,2025.25,352.0,388.0,374.75,10,0,1,4.3516,98.78,1861953.0
2025,3,Q3 2025,Information & Communication,England/Wales,400,2025.5,373.0,352.0,365.75,10,0,1,4.25,98.05,1861953.0
2025,4,Q4 2025,Information & Communication,England/Wales,339,2025.75,400.0,373.0,378.25,10,0,1,4.25,99.05,1861953.0
2026,1,Q1 2026,Information & Communication,England/Wales,320,2026.0,339.0,400.0,366.0,10,0,1,0.75,49.59,1861953.0
2016,3,Q3 2016,Information & Communication,Scotland,11,2016.5,12.0,8.0,10.0,10,1,1,0.3424,37.11,151973.0
2016,4,Q4 2016,Information & Communication,Scotland,10,2016.75,11.0,12.0,10.333333333333334,10,1,1,0.25,39.13,151973.0
2017,1,Q1 2017,Information & Communication,Scotland,5,2017.0,10.0,11.0,10.25,10,1,1,0.25,39.57,159217.0
2017,2,Q2 2017,Information & Communication,Scotland,10,2017.25,5.0,10.0,9.5,10,1,1,0.25,38.3,159217.0
2017,3,Q3 2017,Information & Communication,Scotland,15,2017.5,10.0,5.0,9.0,10,1,1,0.25,38.64,159217.0
2017,4,Q4 2017,Information & Communication,Scotland,5,2017.75,15.0,10.0,10.0,10,1,1,0.413,41.23,159217.0
2018,1,Q1 2018,Information & Communication,Scotland,11,2018.0,5.0,15.0,8.75,10,1,1,0.5,41.62,162423.0
2018,2,Q2 2018,Information & Communication,Scotland,16,2018.25,11.0,5.0,10.25,10,1,1,0.5,40.89,162423.0
2018,3,Q3 2018,Information & Communication,Scotland,15,2018.5,16.0,11.0,11.75,10,1,1,0.663,42.33,162423.0
2018,4,Q4 2018,Information & Communication,Scotland,17,2018.75,15.0,16.0,11.75,10,1,1,0.75,45.37,162423.0
2019,1,Q1 2019,Information & Communication,Scotland,12,2019.0,17.0,15.0,14.75,10,1,1,0.75,46.57,168993.0
2019,2,Q2 2019,Information & Communication,Scotland,13,2019.25,12.0,17.0,15.0,10,1,1,0.75,45.14,168993.0
2019,3,Q3 2019,Information & Communication,Scotland,10,2019.5,13.0,12.0,14.25,10,1,1,0.75,44.6,168993.0
2019,4,Q4 2019,Information & Communication,Scotland,12,2019.75,10.0,13.0,13.0,10,1,1,0.75,47.61,168993.0
2020,1,Q1 2020,Information & Communication,Scotland,9,2020.0,12.0,10.0,11.75,10,1,1,0.6132,46.94,158489.0
2020,2,Q2 2020,Information & Communication,Scotland,6,2020.25,9.0,12.0,11.0,10,1,1,0.1,43.8,158489.0
2020,3,Q3 2020,Information & Communication,Scotland,3,2020.5,6.0,9.0,9.25,10,1,1,0.1,44.5,158489.0
2020,4,Q4 2020,Information & Communication,Scotland,2,2020.75,3.0,6.0,7.5,10,1,1,0.1,48.19,158489.0
2021,1,Q1 2021,Information & Communication,Scotland,5,2021.0,2.0,3.0,5.0,10,1,1,0.1,49.59,171688.0
2021,2,Q2 2021,Information & Communication,Scotland,6,2021.25,5.0,2.0,4.0,10,1,1,0.1,49.05,171688.0
2021,3,Q3 2021,Information & Communication,Scotland,5,2021.5,6.0,5.0,4.0,10,1,1,0.1,53.66,171688.0
2021,4,Q4 2021,Information & Communication,Scotland,15,2021.75,5.0,6.0,4.5,10,1,1,0.1261,60.97,171688.0
2022,1,Q1 2022,Information & Communication,Scotland,10,2022.0,15.0,5.0,7.75,10,1,1,0.45,66.09,188246.0
2022,2,Q2 2022,Information & Communication,Scotland,9,2022.25,10.0,15.0,9.0,10,1,1,0.9478,78.64,188246.0
2022,3,Q3 2022,Information & Communication,Scotland,8,2022.5,9.0,10.0,9.75,10,1,1,1.6141,86.09,188246.0
2022,4,Q4 2022,Information & Communication,Scotland,20,2022.75,8.0,9.0,10.5,10,1,1,2.8234,101.86,188246.0
2023,1,Q1 2023,Information & Communication,Scotland,12,2023.0,20.0,8.0,11.75,10,1,1,3.8472,105.67,204188.0
2023,2,Q2 2023,Information & Communication,Scotland,8,2023.25,12.0,20.0,12.25,10,1,1,4.4396,111.39,204188.0
2023,3,Q3 2023,Information & Communication,Scotland,20,2023.5,8.0,12.0,12.0,10,1,1,5.1603,108.35,204188.0
2023,4,Q4 2023,Information & Communication,Scotland,12,2023.75,20.0,8.0,15.0,10,1,1,5.25,108.98,204188.0
2024,1,Q1 2024,Information & Communication,Scotland,8,2024.0,12.0,20.0,13.0,10,1,1,5.25,112.39,1861953.0
2024,2,Q2 2024,Information & Communication,Scotland,14,2024.25,8.0,12.0,12.0,10,1,1,5.25,100.2,1861953.0
2024,3,Q3 2024,Information & Communication,Scotland,14,2024.5,14.0,8.0,13.5,10,1,1,5.0842,100.64,1861953.0
2024,4,Q4 2024,Information & Communication,Scotland,12,2024.75,14.0,14.0,12.0,10,1,1,4.8505,104.57,1861953.0
2025,1,Q1 2025,Information & Communication,Scotland,26,2025.0,12.0,14.0,12.0,10,1,1,4.6,105.14,1861953.0
2025,2,Q2 2025,Information & Communication,Scotland,14,2025.25,26.0,12.0,16.5,10,1,1,4.3516,98.78,1861953.0
2025,3,Q3 2025,Information & Communication,Scotland,16,2025.5,14.0,26.0,16.5,10,1,1,4.25,98.05,1861953.0
2025,4,Q4 2025,Information & Communication,Scotland,17,2025.75,16.0,14.0,17.0,10,1,1,4.25,99.05,1861953.0
2026,1,Q1 2026,Information & Communication,Scotland,15,2026.0,17.0,16.0,18.25,10,1,1,0.75,49.59,1861953.0
2016,3,Q3 2016,International Organisations,England/Wales,2,2016.5,1.0,1.0,1.0,11,0,0,0.3424,37.11,1784443.0
2018,3,Q3 2018,International Organisations,England/Wales,1,2018.5,2.0,1.0,1.3333333333333333,11,0,0,0.663,42.33,1922054.0
2018,4,Q4 2018,International Organisations,England/Wales,1,2018.75,1.0,2.0,1.25,11,0,0,0.75,45.37,1922054.0
2019,1,Q1 2019,International Organisations,England/Wales,2,2019.0,1.0,1.0,1.25,11,0,0,0.75,46.57,1996347.0
2020,3,Q3 2020,International Organisations,England/Wales,1,2020.5,2.0,1.0,1.5,11,0,0,0.1,44.5,1885198.0
2021,4,Q4 2021,International Organisations,England/Wales,1,2021.75,1.0,2.0,1.25,11,0,0,0.1261,60.97,2042011.0
2022,1,Q1 2022,International Organisations,England/Wales,1,2022.0,1.0,1.0,1.25,11,0,0,0.45,66.09,2243340.0
2022,3,Q3 2022,International Organisations,England/Wales,1,2022.5,1.0,1.0,1.25,11,0,0,1.6141,86.09,2243340.0
2022,4,Q4 2022,International Organisations,England/Wales,1,2022.75,1.0,1.0,1.0,11,0,0,2.8234,101.86,2243340.0
2023,1,Q1 2023,International Organisations,England/Wales,1,2023.0,1.0,1.0,1.0,11,0,0,3.8472,105.67,2422397.0
2023,2,Q2 2023,International Organisations,England/Wales,1,2023.25,1.0,1.0,1.0,11,0,0,4.4396,111.39,2422397.0
2023,3,Q3 2023,International Organisations,England/Wales,1,2023.5,1.0,1.0,1.0,11,0,0,5.1603,108.35,2422397.0
2023,4,Q4 2023,International Organisations,England/Wales,1,2023.75,1.0,1.0,1.0,11,0,0,5.25,108.98,2422397.0
2025,3,Q3 2025,International Organisations,England/Wales,1,2025.5,1.0,1.0,1.0,11,0,0,4.25,98.05,1861953.0
2025,4,Q4 2025,International Organisations,England/Wales,2,2025.75,1.0,1.0,1.0,11,0,0,4.25,99.05,1861953.0
2016,3,Q3 2016,Manufacturing,England/Wales,332,2016.5,339.0,331.0,335.0,12,0,2,0.3424,37.11,1784443.0
2016,4,Q4 2016,Manufacturing,England/Wales,345,2016.75,332.0,339.0,334.0,12,0,2,0.25,39.13,1784443.0
2017,1,Q1 2017,Manufacturing,England/Wales,359,2017.0,345.0,332.0,336.75,12,0,2,0.25,39.57,1861953.0
2017,2,Q2 2017,Manufacturing,England/Wales,321,2017.25,359.0,345.0,343.75,12,0,2,0.25,38.3,1861953.0
2017,3,Q3 2017,Manufacturing,England/Wales,301,2017.5,321.0,359.0,339.25,12,0,2,0.25,38.64,1861953.0
2017,4,Q4 2017,Manufacturing,England/Wales,309,2017.75,301.0,321.0,331.5,12,0,2,0.413,41.23,1861953.0
2018,1,Q1 2018,Manufacturing,England/Wales,334,2018.0,309.0,301.0,322.5,12,0,2,0.5,41.62,1922054.0
2018,2,Q2 2018,Manufacturing,England/Wales,327,2018.25,334.0,309.0,316.25,12,0,2,0.5,40.89,1922054.0
2018,3,Q3 2018,Manufacturing,England/Wales,357,2018.5,327.0,334.0,317.75,12,0,2,0.663,42.33,1922054.0
2018,4,Q4 2018,Manufacturing,England/Wales,343,2018.75,357.0,327.0,331.75,12,0,2,0.75,45.37,1922054.0
2019,1,Q1 2019,Manufacturing,England/Wales,403,2019.0,343.0,357.0,340.25,12,0,2,0.75,46.57,1996347.0
2019,2,Q2 2019,Manufacturing,England/Wales,347,2019.25,403.0,343.0,357.5,12,0,2,0.75,45.14,1996347.0
2019,3,Q3 2019,Manufacturing,England/Wales,384,2019.5,347.0,403.0,362.5,12,0,2,0.75,44.6,1996347.0
2019,4,Q4 2019,Manufacturing,England/Wales,349,2019.75,384.0,347.0,369.25,12,0,2,0.75,47.61,1996347.0
2020,1,Q1 2020,Manufacturing,England/Wales,391,2020.0,349.0,384.0,370.75,12,0,2,0.6132,46.94,1885198.0
2020,2,Q2 2020,Manufacturing,England/Wales,282,2020.25,391.0,349.0,367.75,12,0,2,0.1,43.8,1885198.0
2020,3,Q3 2020,Manufacturing,England/Wales,233,2020.5,282.0,391.0,351.5,12,0,2,0.1,44.5,1885198.0
2020,4,Q4 2020,Manufacturing,England/Wales,264,2020.75,233.0,282.0,313.75,12,0,2,0.1,48.19,1885198.0
2021,1,Q1 2021,Manufacturing,England/Wales,181,2021.0,264.0,233.0,292.5,12,0,2,0.1,49.59,2042011.0
2021,2,Q2 2021,Manufacturing,England/Wales,215,2021.25,181.0,264.0,240.0,12,0,2,0.1,49.05,2042011.0
2021,3,Q3 2021,Manufacturing,England/Wales,290,2021.5,215.0,181.0,223.25,12,0,2,0.1,53.66,2042011.0
2021,4,Q4 2021,Manufacturing,England/Wales,332,2021.75,290.0,215.0,237.5,12,0,2,0.1261,60.97,2042011.0
2022,1,Q1 2022,Manufacturing,England/Wales,398,2022.0,332.0,290.0,254.5,12,0,2,0.45,66.09,2243340.0
2022,2,Q2 2022,Manufacturing,England/Wales,432,2022.25,398.0,332.0,308.75,12,0,2,0.9478,78.64,2243340.0
2022,3,Q3 2022,Manufacturing,England/Wales,419,2022.5,432.0,398.0,363.0,12,0,2,1.6141,86.09,2243340.0
2022,4,Q4 2022,Manufacturing,England/Wales,438,2022.75,419.0,432.0,395.25,12,0,2,2.8234,101.86,2243340.0
2023,1,Q1 2023,Manufacturing,England/Wales,502,2023.0,438.0,419.0,421.75,12,0,2,3.8472,105.67,2422397.0
2023,2,Q2 2023,Manufacturing,England/Wales,523,2023.25,502.0,438.0,447.75,12,0,2,4.4396,111.39,2422397.0
2023,3,Q3 2023,Manufacturing,England/Wales,456,2023.5,523.0,502.0,470.5,12,0,2,5.1603,108.35,2422397.0
2023,4,Q4 2023,Manufacturing,England/Wales,512,2023.75,456.0,523.0,479.75,12,0,2,5.25,108.98,2422397.0
2024,1,Q1 2024,Manufacturing,England/Wales,439,2024.0,512.0,456.0,498.25,12,0,2,5.25,112.39,1861953.0
2024,2,Q2 2024,Manufacturing,England/Wales,551,2024.25,439.0,512.0,482.5,12,0,2,5.25,100.2,1861953.0
2024,3,Q3 2024,Manufacturing,England/Wales,466,2024.5,551.0,439.0,489.5,12,0,2,5.0842,100.64,1861953.0
2024,4,Q4 2024,Manufacturing,England/Wales,473,2024.75,466.0,551.0,492.0,12,0,2,4.8505,104.57,1861953.0
2025,1,Q1 2025,Manufacturing,England/Wales,506,2025.0,473.0,466.0,482.25,12,0,2,4.6,105.14,1861953.0
2025,2,Q2 2025,Manufacturing,England/Wales,507,2025.25,506.0,473.0,499.0,12,0,2,4.3516,98.78,1861953.0
2025,3,Q3 2025,Manufacturing,England/Wales,480,2025.5,507.0,506.0,488.0,12,0,2,4.25,98.05,1861953.0
2025,4,Q4 2025,Manufacturing,England/Wales,450,2025.75,480.0,507.0,491.5,12,0,2,4.25,99.05,1861953.0
2026,1,Q1 2026,Manufacturing,England/Wales,438,2026.0,450.0,480.0,485.75,12,0,2,0.75,49.59,1861953.0
2016,3,Q3 2016,Manufacturing,Scotland,19,2016.5,22.0,24.0,23.0,12,1,2,0.3424,37.11,151973.0
2016,4,Q4 2016,Manufacturing,Scotland,16,2016.75,19.0,22.0,21.666666666666668,12,1,2,0.25,39.13,151973.0
2017,1,Q1 2017,Manufacturing,Scotland,12,2017.0,16.0,19.0,20.25,12,1,2,0.25,39.57,159217.0
2017,2,Q2 2017,Manufacturing,Scotland,15,2017.25,12.0,16.0,17.25,12,1,2,0.25,38.3,159217.0
2017,3,Q3 2017,Manufacturing,Scotland,11,2017.5,15.0,12.0,15.5,12,1,2,0.25,38.64,159217.0
2017,4,Q4 2017,Manufacturing,Scotland,16,2017.75,11.0,15.0,13.5,12,1,2,0.413,41.23,159217.0
2018,1,Q1 2018,Manufacturing,Scotland,20,2018.0,16.0,11.0,13.5,12,1,2,0.5,41.62,162423.0
2018,2,Q2 2018,Manufacturing,Scotland,12,2018.25,20.0,16.0,15.5,12,1,2,0.5,40.89,162423.0
2018,3,Q3 2018,Manufacturing,Scotland,16,2018.5,12.0,20.0,14.75,12,1,2,0.663,42.33,162423.0
2018,4,Q4 2018,Manufacturing,Scotland,16,2018.75,16.0,12.0,16.0,12,1,2,0.75,45.37,162423.0
2019,1,Q1 2019,Manufacturing,Scotland,14,2019.0,16.0,16.0,16.0,12,1,2,0.75,46.57,168993.0
2019,2,Q2 2019,Manufacturing,Scotland,15,2019.25,14.0,16.0,14.5,12,1,2,0.75,45.14,168993.0
2019,3,Q3 2019,Manufacturing,Scotland,16,2019.5,15.0,14.0,15.25,12,1,2,0.75,44.6,168993.0
2019,4,Q4 2019,Manufacturing,Scotland,12,2019.75,16.0,15.0,15.25,12,1,2,0.75,47.61,168993.0
2020,1,Q1 2020,Manufacturing,Scotland,23,2020.0,12.0,16.0,14.25,12,1,2,0.6132,46.94,158489.0
2020,2,Q2 2020,Manufacturing,Scotland,13,2020.25,23.0,12.0,16.5,12,1,2,0.1,43.8,158489.0
2020,3,Q3 2020,Manufacturing,Scotland,11,2020.5,13.0,23.0,16.0,12,1,2,0.1,44.5,158489.0
2020,4,Q4 2020,Manufacturing,Scotland,13,2020.75,11.0,13.0,14.75,12,1,2,0.1,48.19,158489.0
2021,1,Q1 2021,Manufacturing,Scotland,8,2021.0,13.0,11.0,15.0,12,1,2,0.1,49.59,171688.0
2021,2,Q2 2021,Manufacturing,Scotland,9,2021.25,8.0,13.0,11.25,12,1,2,0.1,49.05,171688.0
2021,3,Q3 2021,Manufacturing,Scotland,43,2021.5,9.0,8.0,10.25,12,1,2,0.1,53.66,171688.0
2021,4,Q4 2021,Manufacturing,Scotland,29,2021.75,43.0,9.0,18.25,12,1,2,0.1261,60.97,171688.0
2022,1,Q1 2022,Manufacturing,Scotland,19,2022.0,29.0,43.0,22.25,12,1,2,0.45,66.09,188246.0
2022,2,Q2 2022,Manufacturing,Scotland,22,2022.25,19.0,29.0,25.0,12,1,2,0.9478,78.64,188246.0
2022,3,Q3 2022,Manufacturing,Scotland,22,2022.5,22.0,19.0,28.25,12,1,2,1.6141,86.09,188246.0
2022,4,Q4 2022,Manufacturing,Scotland,17,2022.75,22.0,22.0,23.0,12,1,2,2.8234,101.86,188246.0
2023,1,Q1 2023,Manufacturing,Scotland,27,2023.0,17.0,22.0,20.0,12,1,2,3.8472,105.67,204188.0
2023,2,Q2 2023,Manufacturing,Scotland,24,2023.25,27.0,17.0,22.0,12,1,2,4.4396,111.39,204188.0
2023,3,Q3 2023,Manufacturing,Scotland,18,2023.5,24.0,27.0,22.5,12,1,2,5.1603,108.35,204188.0
2023,4,Q4 2023,Manufacturing,Scotland,27,2023.75,18.0,24.0,21.5,12,1,2,5.25,108.98,204188.0
2024,1,Q1 2024,Manufacturing,Scotland,20,2024.0,27.0,18.0,24.0,12,1,2,5.25,112.39,1861953.0
2024,2,Q2 2024,Manufacturing,Scotland,20,2024.25,20.0,27.0,22.25,12,1,2,5.25,100.2,1861953.0
2024,3,Q3 2024,Manufacturing,Scotland,25,2024.5,20.0,20.0,21.25,12,1,2,5.0842,100.64,1861953.0
2024,4,Q4 2024,Manufacturing,Scotland,28,2024.75,25.0,20.0,23.0,12,1,2,4.8505,104.57,1861953.0
2025,1,Q1 2025,Manufacturing,Scotland,30,2025.0,28.0,25.0,23.25,12,1,2,4.6,105.14,1861953.0
2025,2,Q2 2025,Manufacturing,Scotland,25,2025.25,30.0,28.0,25.75,12,1,2,4.3516,98.78,1861953.0
2025,3,Q3 2025,Manufacturing,Scotland,20,2025.5,25.0,30.0,27.0,12,1,2,4.25,98.05,1861953.0
2025,4,Q4 2025,Manufacturing,Scotland,28,2025.75,20.0,25.0,25.75,12,1,2,4.25,99.05,1861953.0
2026,1,Q1 2026,Manufacturing,Scotland,25,2026.0,28.0,20.0,25.75,12,1,2,0.75,49.59,1861953.0
2016,3,Q3 2016,Mining,England/Wales,11,2016.5,21.0,13.0,17.0,13,0,0,0.3424,37.11,1784443.0
2016,4,Q4 2016,Mining,England/Wales,9,2016.75,11.0,21.0,15.0,13,0,0,0.25,39.13,1784443.0
2017,1,Q1 2017,Mining,England/Wales,4,2017.0,9.0,11.0,13.5,13,0,0,0.25,39.57,1861953.0
2017,2,Q2 2017,Mining,England/Wales,8,2017.25,4.0,9.0,11.25,13,0,0,0.25,38.3,1861953.0
2017,3,Q3 2017,Mining,England/Wales,11,2017.5,8.0,4.0,8.0,13,0,0,0.25,38.64,1861953.0
2017,4,Q4 2017,Mining,England/Wales,6,2017.75,11.0,8.0,8.0,13,0,0,0.413,41.23,1861953.0
2018,1,Q1 2018,Mining,England/Wales,3,2018.0,6.0,11.0,7.25,13,0,0,0.5,41.62,1922054.0
2018,2,Q2 2018,Mining,England/Wales,9,2018.25,3.0,6.0,7.0,13,0,0,0.5,40.89,1922054.0
2018,3,Q3 2018,Mining,England/Wales,8,2018.5,9.0,3.0,7.25,13,0,0,0.663,42.33,1922054.0
2018,4,Q4 2018,Mining,England/Wales,9,2018.75,8.0,9.0,6.5,13,0,0,0.75,45.37,1922054.0
2019,1,Q1 2019,Mining,England/Wales,8,2019.0,9.0,8.0,7.25,13,0,0,0.75,46.57,1996347.0
2019,2,Q2 2019,Mining,England/Wales,5,2019.25,8.0,9.0,8.5,13,0,0,0.75,45.14,1996347.0
2019,3,Q3 2019,Mining,England/Wales,4,2019.5,5.0,8.0,7.5,13,0,0,0.75,44.6,1996347.0
2019,4,Q4 2019,Mining,England/Wales,9,2019.75,4.0,5.0,6.5,13,0,0,0.75,47.61,1996347.0
2020,1,Q1 2020,Mining,England/Wales,7,2020.0,9.0,4.0,6.5,13,0,0,0.6132,46.94,1885198.0
2020,2,Q2 2020,Mining,England/Wales,7,2020.25,7.0,9.0,6.25,13,0,0,0.1,43.8,1885198.0
2020,3,Q3 2020,Mining,England/Wales,5,2020.5,7.0,7.0,6.75,13,0,0,0.1,44.5,1885198.0
2020,4,Q4 2020,Mining,England/Wales,1,2020.75,5.0,7.0,7.0,13,0,0,0.1,48.19,1885198.0
2021,1,Q1 2021,Mining,England/Wales,3,2021.0,1.0,5.0,5.0,13,0,0,0.1,49.59,2042011.0
2021,2,Q2 2021,Mining,England/Wales,13,2021.25,3.0,1.0,4.0,13,0,0,0.1,49.05,2042011.0
2021,3,Q3 2021,Mining,England/Wales,12,2021.5,13.0,3.0,5.5,13,0,0,0.1,53.66,2042011.0
2021,4,Q4 2021,Mining,England/Wales,10,2021.75,12.0,13.0,7.25,13,0,0,0.1261,60.97,2042011.0
2022,1,Q1 2022,Mining,England/Wales,13,2022.0,10.0,12.0,9.5,13,0,0,0.45,66.09,2243340.0
2022,2,Q2 2022,Mining,England/Wales,8,2022.25,13.0,10.0,12.0,13,0,0,0.9478,78.64,2243340.0
2022,3,Q3 2022,Mining,England/Wales,14,2022.5,8.0,13.0,10.75,13,0,0,1.6141,86.09,2243340.0
2022,4,Q4 2022,Mining,England/Wales,4,2022.75,14.0,8.0,11.25,13,0,0,2.8234,101.86,2243340.0
2023,1,Q1 2023,Mining,England/Wales,11,2023.0,4.0,14.0,9.75,13,0,0,3.8472,105.67,2422397.0
2023,2,Q2 2023,Mining,England/Wales,7,2023.25,11.0,4.0,9.25,13,0,0,4.4396,111.39,2422397.0
2023,3,Q3 2023,Mining,England/Wales,8,2023.5,7.0,11.0,9.0,13,0,0,5.1603,108.35,2422397.0
2023,4,Q4 2023,Mining,England/Wales,11,2023.75,8.0,7.0,7.5,13,0,0,5.25,108.98,2422397.0
2024,1,Q1 2024,Mining,England/Wales,7,2024.0,11.0,8.0,9.25,13,0,0,5.25,112.39,1861953.0
2024,2,Q2 2024,Mining,England/Wales,4,2024.25,7.0,11.0,8.25,13,0,0,5.25,100.2,1861953.0
2024,3,Q3 2024,Mining,England/Wales,9,2024.5,4.0,7.0,7.5,13,0,0,5.0842,100.64,1861953.0
2024,4,Q4 2024,Mining,England/Wales,6,2024.75,9.0,4.0,7.75,13,0,0,4.8505,104.57,1861953.0
2025,1,Q1 2025,Mining,England/Wales,6,2025.0,6.0,9.0,6.5,13,0,0,4.6,105.14,1861953.0
2025,2,Q2 2025,Mining,England/Wales,5,2025.25,6.0,6.0,6.25,13,0,0,4.3516,98.78,1861953.0
2025,3,Q3 2025,Mining,England/Wales,11,2025.5,5.0,6.0,6.5,13,0,0,4.25,98.05,1861953.0
2025,4,Q4 2025,Mining,England/Wales,5,2025.75,11.0,5.0,7.0,13,0,0,4.25,99.05,1861953.0
2026,1,Q1 2026,Mining,England/Wales,5,2026.0,5.0,11.0,6.75,13,0,0,0.75,49.59,1861953.0
2016,3,Q3 2016,Mining,Scotland,6,2016.5,7.0,4.0,5.5,13,1,0,0.3424,37.11,151973.0
2016,4,Q4 2016,Mining,Scotland,2,2016.75,6.0,7.0,5.666666666666667,13,1,0,0.25,39.13,151973.0
2017,1,Q1 2017,Mining,Scotland,4,2017.0,2.0,6.0,4.75,13,1,0,0.25,39.57,159217.0
2017,2,Q2 2017,Mining,Scotland,2,2017.25,4.0,2.0,4.75,13,1,0,0.25,38.3,159217.0
2017,3,Q3 2017,Mining,Scotland,4,2017.5,2.0,4.0,3.5,13,1,0,0.25,38.64,159217.0
2017,4,Q4 2017,Mining,Scotland,2,2017.75,4.0,2.0,3.0,13,1,0,0.413,41.23,159217.0
2018,1,Q1 2018,Mining,Scotland,6,2018.0,2.0,4.0,3.0,13,1,0,0.5,41.62,162423.0
2018,3,Q3 2018,Mining,Scotland,3,2018.5,6.0,2.0,3.5,13,1,0,0.663,42.33,162423.0
2018,4,Q4 2018,Mining,Scotland,2,2018.75,3.0,6.0,3.75,13,1,0,0.75,45.37,162423.0
2019,1,Q1 2019,Mining,Scotland,4,2019.0,2.0,3.0,3.25,13,1,0,0.75,46.57,168993.0
2019,2,Q2 2019,Mining,Scotland,5,2019.25,4.0,2.0,3.75,13,1,0,0.75,45.14,168993.0
2019,3,Q3 2019,Mining,Scotland,2,2019.5,5.0,4.0,3.5,13,1,0,0.75,44.6,168993.0
2019,4,Q4 2019,Mining,Scotland,1,2019.75,2.0,5.0,3.25,13,1,0,0.75,47.61,168993.0
2020,1,Q1 2020,Mining,Scotland,5,2020.0,1.0,2.0,3.0,13,1,0,0.6132,46.94,158489.0
2020,2,Q2 2020,Mining,Scotland,1,2020.25,5.0,1.0,3.25,13,1,0,0.1,43.8,158489.0
2020,3,Q3 2020,Mining,Scotland,1,2020.5,1.0,5.0,2.25,13,1,0,0.1,44.5,158489.0
2020,4,Q4 2020,Mining,Scotland,2,2020.75,1.0,1.0,2.0,13,1,0,0.1,48.19,158489.0
2021,1,Q1 2021,Mining,Scotland,3,2021.0,2.0,1.0,2.25,13,1,0,0.1,49.59,171688.0
2021,2,Q2 2021,Mining,Scotland,2,2021.25,3.0,2.0,1.75,13,1,0,0.1,49.05,171688.0
2021,3,Q3 2021,Mining,Scotland,4,2021.5,2.0,3.0,2.0,13,1,0,0.1,53.66,171688.0
2021,4,Q4 2021,Mining,Scotland,5,2021.75,4.0,2.0,2.75,13,1,0,0.1261,60.97,171688.0
2022,1,Q1 2022,Mining,Scotland,5,2022.0,5.0,4.0,3.5,13,1,0,0.45,66.09,188246.0
2022,2,Q2 2022,Mining,Scotland,1,2022.25,5.0,5.0,4.0,13,1,0,0.9478,78.64,188246.0
2022,3,Q3 2022,Mining,Scotland,1,2022.5,1.0,5.0,3.75,13,1,0,1.6141,86.09,188246.0
2022,4,Q4 2022,Mining,Scotland,1,2022.75,1.0,1.0,3.0,13,1,0,2.8234,101.86,188246.0
2023,1,Q1 2023,Mining,Scotland,4,2023.0,1.0,1.0,2.0,13,1,0,3.8472,105.67,204188.0
2023,2,Q2 2023,Mining,Scotland,2,2023.25,4.0,1.0,1.75,13,1,0,4.4396,111.39,204188.0
2023,3,Q3 2023,Mining,Scotland,4,2023.5,2.0,4.0,2.0,13,1,0,5.1603,108.35,204188.0
2023,4,Q4 2023,Mining,Scotland,1,2023.75,4.0,2.0,2.75,13,1,0,5.25,108.98,204188.0
2024,2,Q2 2024,Mining,Scotland,5,2024.25,1.0,4.0,2.75,13,1,0,5.25,100.2,1861953.0
2024,4,Q4 2024,Mining,Scotland,2,2024.75,5.0,1.0,3.0,13,1,0,4.8505,104.57,1861953.0
2025,1,Q1 2025,Mining,Scotland,3,2025.0,2.0,5.0,3.0,13,1,0,4.6,105.14,1861953.0
2025,2,Q2 2025,Mining,Scotland,1,2025.25,3.0,2.0,2.75,13,1,0,4.3516,98.78,1861953.0
2025,3,Q3 2025,Mining,Scotland,2,2025.5,1.0,3.0,2.75,13,1,0,4.25,98.05,1861953.0
2025,4,Q4 2025,Mining,Scotland,2,2025.75,2.0,1.0,2.0,13,1,0,4.25,99.05,1861953.0
2026,1,Q1 2026,Mining,Scotland,4,2026.0,2.0,2.0,2.0,13,1,0,0.75,49.59,1861953.0
2016,3,Q3 2016,Other Services,England/Wales,129,2016.5,133.0,142.0,137.5,14,0,1,0.3424,37.11,1784443.0
2016,4,Q4 2016,Other Services,England/Wales,148,2016.75,129.0,133.0,134.66666666666666,14,0,1,0.25,39.13,1784443.0
2017,1,Q1 2017,Other Services,England/Wales,154,2017.0,148.0,129.0,138.0,14,0,1,0.25,39.57,1861953.0
2017,2,Q2 2017,Other Services,England/Wales,143,2017.25,154.0,148.0,141.0,14,0,1,0.25,38.3,1861953.0
2017,3,Q3 2017,Other Services,England/Wales,137,2017.5,143.0,154.0,143.5,14,0,1,0.25,38.64,1861953.0
2017,4,Q4 2017,Other Services,England/Wales,124,2017.75,137.0,143.0,145.5,14,0,1,0.413,41.23,1861953.0
2018,1,Q1 2018,Other Services,England/Wales,177,2018.0,124.0,137.0,139.5,14,0,1,0.5,41.62,1922054.0
2018,2,Q2 2018,Other Services,England/Wales,166,2018.25,177.0,124.0,145.25,14,0,1,0.5,40.89,1922054.0
2018,3,Q3 2018,Other Services,England/Wales,178,2018.5,166.0,177.0,151.0,14,0,1,0.663,42.33,1922054.0
2018,4,Q4 2018,Other Services,England/Wales,159,2018.75,178.0,166.0,161.25,14,0,1,0.75,45.37,1922054.0
2019,1,Q1 2019,Other Services,England/Wales,177,2019.0,159.0,178.0,170.0,14,0,1,0.75,46.57,1996347.0
2019,2,Q2 2019,Other Services,England/Wales,199,2019.25,177.0,159.0,170.0,14,0,1,0.75,45.14,1996347.0
2019,3,Q3 2019,Other Services,England/Wales,200,2019.5,199.0,177.0,178.25,14,0,1,0.75,44.6,1996347.0
2019,4,Q4 2019,Other Services,England/Wales,187,2019.75,200.0,199.0,183.75,14,0,1,0.75,47.61,1996347.0
2020,1,Q1 2020,Other Services,England/Wales,188,2020.0,187.0,200.0,190.75,14,0,1,0.6132,46.94,1885198.0
2020,2,Q2 2020,Other Services,England/Wales,140,2020.25,188.0,187.0,193.5,14,0,1,0.1,43.8,1885198.0
2020,3,Q3 2020,Other Services,England/Wales,146,2020.5,140.0,188.0,178.75,14,0,1,0.1,44.5,1885198.0
2020,4,Q4 2020,Other Services,England/Wales,130,2020.75,146.0,140.0,165.25,14,0,1,0.1,48.19,1885198.0
2021,1,Q1 2021,Other Services,England/Wales,110,2021.0,130.0,146.0,151.0,14,0,1,0.1,49.59,2042011.0
2021,2,Q2 2021,Other Services,England/Wales,191,2021.25,110.0,130.0,131.5,14,0,1,0.1,49.05,2042011.0
2021,3,Q3 2021,Other Services,England/Wales,178,2021.5,191.0,110.0,144.25,14,0,1,0.1,53.66,2042011.0
2021,4,Q4 2021,Other Services,England/Wales,254,2021.75,178.0,191.0,152.25,14,0,1,0.1261,60.97,2042011.0
2022,1,Q1 2022,Other Services,England/Wales,272,2022.0,254.0,178.0,183.25,14,0,1,0.45,66.09,2243340.0
2022,2,Q2 2022,Other Services,England/Wales,323,2022.25,272.0,254.0,223.75,14,0,1,0.9478,78.64,2243340.0
2022,3,Q3 2022,Other Services,England/Wales,317,2022.5,323.0,272.0,256.75,14,0,1,1.6141,86.09,2243340.0
2022,4,Q4 2022,Other Services,England/Wales,350,2022.75,317.0,323.0,291.5,14,0,1,2.8234,101.86,2243340.0
2023,1,Q1 2023,Other Services,England/Wales,351,2023.0,350.0,317.0,315.5,14,0,1,3.8472,105.67,2422397.0
2023,2,Q2 2023,Other Services,England/Wales,346,2023.25,351.0,350.0,335.25,14,0,1,4.4396,111.39,2422397.0
2023,3,Q3 2023,Other Services,England/Wales,299,2023.5,346.0,351.0,341.0,14,0,1,5.1603,108.35,2422397.0
2023,4,Q4 2023,Other Services,England/Wales,354,2023.75,299.0,346.0,336.5,14,0,1,5.25,108.98,2422397.0
2024,1,Q1 2024,Other Services,England/Wales,260,2024.0,354.0,299.0,337.5,14,0,1,5.25,112.39,1861953.0
2024,2,Q2 2024,Other Services,England/Wales,321,2024.25,260.0,354.0,314.75,14,0,1,5.25,100.2,1861953.0
2024,3,Q3 2024,Other Services,England/Wales,308,2024.5,321.0,260.0,308.5,14,0,1,5.0842,100.64,1861953.0
2024,4,Q4 2024,Other Services,England/Wales,245,2024.75,308.0,321.0,310.75,14,0,1,4.8505,104.57,1861953.0
2025,1,Q1 2025,Other Services,England/Wales,256,2025.0,245.0,308.0,283.5,14,0,1,4.6,105.14,1861953.0
2025,2,Q2 2025,Other Services,England/Wales,299,2025.25,256.0,245.0,282.5,14,0,1,4.3516,98.78,1861953.0
2025,3,Q3 2025,Other Services,England/Wales,275,2025.5,299.0,256.0,277.0,14,0,1,4.25,98.05,1861953.0
2025,4,Q4 2025,Other Services,England/Wales,229,2025.75,275.0,299.0,268.75,14,0,1,4.25,99.05,1861953.0
2026,1,Q1 2026,Other Services,England/Wales,207,2026.0,229.0,275.0,264.75,14,0,1,0.75,49.59,1861953.0
2016,3,Q3 2016,Other Services,Scotland,5,2016.5,9.0,15.0,12.0,14,1,1,0.3424,37.11,151973.0
2016,4,Q4 2016,Other Services,Scotland,11,2016.75,5.0,9.0,9.666666666666666,14,1,1,0.25,39.13,151973.0
2017,1,Q1 2017,Other Services,Scotland,10,2017.0,11.0,5.0,10.0,14,1,1,0.25,39.57,159217.0
2017,2,Q2 2017,Other Services,Scotland,7,2017.25,10.0,11.0,8.75,14,1,1,0.25,38.3,159217.0
2017,3,Q3 2017,Other Services,Scotland,12,2017.5,7.0,10.0,8.25,14,1,1,0.25,38.64,159217.0
2017,4,Q4 2017,Other Services,Scotland,5,2017.75,12.0,7.0,10.0,14,1,1,0.413,41.23,159217.0
2018,1,Q1 2018,Other Services,Scotland,9,2018.0,5.0,12.0,8.5,14,1,1,0.5,41.62,162423.0
2018,2,Q2 2018,Other Services,Scotland,18,2018.25,9.0,5.0,8.25,14,1,1,0.5,40.89,162423.0
2018,3,Q3 2018,Other Services,Scotland,8,2018.5,18.0,9.0,11.0,14,1,1,0.663,42.33,162423.0
2018,4,Q4 2018,Other Services,Scotland,9,2018.75,8.0,18.0,10.0,14,1,1,0.75,45.37,162423.0
2019,1,Q1 2019,Other Services,Scotland,10,2019.0,9.0,8.0,11.0,14,1,1,0.75,46.57,168993.0
2019,2,Q2 2019,Other Services,Scotland,10,2019.25,10.0,9.0,11.25,14,1,1,0.75,45.14,168993.0
2019,3,Q3 2019,Other Services,Scotland,14,2019.5,10.0,10.0,9.25,14,1,1,0.75,44.6,168993.0
2019,4,Q4 2019,Other Services,Scotland,14,2019.75,14.0,10.0,10.75,14,1,1,0.75,47.61,168993.0
2020,1,Q1 2020,Other Services,Scotland,11,2020.0,14.0,14.0,12.0,14,1,1,0.6132,46.94,158489.0
2020,2,Q2 2020,Other Services,Scotland,7,2020.25,11.0,14.0,12.25,14,1,1,0.1,43.8,158489.0
2020,3,Q3 2020,Other Services,Scotland,7,2020.5,7.0,11.0,11.5,14,1,1,0.1,44.5,158489.0
2020,4,Q4 2020,Other Services,Scotland,8,2020.75,7.0,7.0,9.75,14,1,1,0.1,48.19,158489.0
2021,1,Q1 2021,Other Services,Scotland,6,2021.0,8.0,7.0,8.25,14,1,1,0.1,49.59,171688.0
2021,2,Q2 2021,Other Services,Scotland,8,2021.25,6.0,8.0,7.0,14,1,1,0.1,49.05,171688.0
2021,3,Q3 2021,Other Services,Scotland,7,2021.5,8.0,6.0,7.25,14,1,1,0.1,53.66,171688.0
2021,4,Q4 2021,Other Services,Scotland,21,2021.75,7.0,8.0,7.25,14,1,1,0.1261,60.97,171688.0
2022,1,Q1 2022,Other Services,Scotland,9,2022.0,21.0,7.0,10.5,14,1,1,0.45,66.09,188246.0
2022,2,Q2 2022,Other Services,Scotland,22,2022.25,9.0,21.0,11.25,14,1,1,0.9478,78.64,188246.0
2022,3,Q3 2022,Other Services,Scotland,21,2022.5,22.0,9.0,14.75,14,1,1,1.6141,86.09,188246.0
2022,4,Q4 2022,Other Services,Scotland,19,2022.75,21.0,22.0,18.25,14,1,1,2.8234,101.86,188246.0
2023,1,Q1 2023,Other Services,Scotland,16,2023.0,19.0,21.0,17.75,14,1,1,3.8472,105.67,204188.0
2023,2,Q2 2023,Other Services,Scotland,18,2023.25,16.0,19.0,19.5,14,1,1,4.4396,111.39,204188.0
2023,3,Q3 2023,Other Services,Scotland,13,2023.5,18.0,16.0,18.5,14,1,1,5.1603,108.35,204188.0
2023,4,Q4 2023,Other Services,Scotland,21,2023.75,13.0,18.0,16.5,14,1,1,5.25,108.98,204188.0
2024,1,Q1 2024,Other Services,Scotland,13,2024.0,21.0,13.0,17.0,14,1,1,5.25,112.39,1861953.0
2024,2,Q2 2024,Other Services,Scotland,19,2024.25,13.0,21.0,16.25,14,1,1,5.25,100.2,1861953.0
2024,3,Q3 2024,Other Services,Scotland,17,2024.5,19.0,13.0,16.5,14,1,1,5.0842,100.64,1861953.0
2024,4,Q4 2024,Other Services,Scotland,15,2024.75,17.0,19.0,17.5,14,1,1,4.8505,104.57,1861953.0
2025,1,Q1 2025,Other Services,Scotland,13,2025.0,15.0,17.0,16.0,14,1,1,4.6,105.14,1861953.0
2025,2,Q2 2025,Other Services,Scotland,10,2025.25,13.0,15.0,16.0,14,1,1,4.3516,98.78,1861953.0
2025,3,Q3 2025,Other Services,Scotland,24,2025.5,10.0,13.0,13.75,14,1,1,4.25,98.05,1861953.0
2025,4,Q4 2025,Other Services,Scotland,12,2025.75,24.0,10.0,15.5,14,1,1,4.25,99.05,1861953.0
2026,1,Q1 2026,Other Services,Scotland,11,2026.0,12.0,24.0,14.75,14,1,1,0.75,49.59,1861953.0
2016,3,Q3 2016,Professional & Scientific,England/Wales,308,2016.5,307.0,288.0,297.5,15,0,2,0.3424,37.11,1784443.0
2016,4,Q4 2016,Professional & Scientific,England/Wales,300,2016.75,308.0,307.0,301.0,15,0,2,0.25,39.13,1784443.0
2017,1,Q1 2017,Professional & Scientific,England/Wales,318,2017.0,300.0,308.0,300.75,15,0,2,0.25,39.57,1861953.0
2017,2,Q2 2017,Professional & Scientific,England/Wales,283,2017.25,318.0,300.0,308.25,15,0,2,0.25,38.3,1861953.0
2017,3,Q3 2017,Professional & Scientific,England/Wales,278,2017.5,283.0,318.0,302.25,15,0,2,0.25,38.64,1861953.0
2017,4,Q4 2017,Professional & Scientific,England/Wales,284,2017.75,278.0,283.0,294.75,15,0,2,0.413,41.23,1861953.0
2018,1,Q1 2018,Professional & Scientific,England/Wales,322,2018.0,284.0,278.0,290.75,15,0,2,0.5,41.62,1922054.0
2018,2,Q2 2018,Professional & Scientific,England/Wales,308,2018.25,322.0,284.0,291.75,15,0,2,0.5,40.89,1922054.0
2018,3,Q3 2018,Professional & Scientific,England/Wales,316,2018.5,308.0,322.0,298.0,15,0,2,0.663,42.33,1922054.0
2018,4,Q4 2018,Professional & Scientific,England/Wales,283,2018.75,316.0,308.0,307.5,15,0,2,0.75,45.37,1922054.0
2019,1,Q1 2019,Professional & Scientific,England/Wales,334,2019.0,283.0,316.0,307.25,15,0,2,0.75,46.57,1996347.0
2019,2,Q2 2019,Professional & Scientific,England/Wales,349,2019.25,334.0,283.0,310.25,15,0,2,0.75,45.14,1996347.0
2019,3,Q3 2019,Professional & Scientific,England/Wales,343,2019.5,349.0,334.0,320.5,15,0,2,0.75,44.6,1996347.0
2019,4,Q4 2019,Professional & Scientific,England/Wales,318,2019.75,343.0,349.0,327.25,15,0,2,0.75,47.61,1996347.0
2020,1,Q1 2020,Professional & Scientific,England/Wales,276,2020.0,318.0,343.0,336.0,15,0,2,0.6132,46.94,1885198.0
2020,2,Q2 2020,Professional & Scientific,England/Wales,232,2020.25,276.0,318.0,321.5,15,0,2,0.1,43.8,1885198.0
2020,3,Q3 2020,Professional & Scientific,England/Wales,232,2020.5,232.0,276.0,292.25,15,0,2,0.1,44.5,1885198.0
2020,4,Q4 2020,Professional & Scientific,England/Wales,267,2020.75,232.0,232.0,264.5,15,0,2,0.1,48.19,1885198.0
2021,1,Q1 2021,Professional & Scientific,England/Wales,224,2021.0,267.0,232.0,251.75,15,0,2,0.1,49.59,2042011.0
2021,2,Q2 2021,Professional & Scientific,England/Wales,316,2021.25,224.0,267.0,238.75,15,0,2,0.1,49.05,2042011.0
2021,3,Q3 2021,Professional & Scientific,England/Wales,389,2021.5,316.0,224.0,259.75,15,0,2,0.1,53.66,2042011.0
2021,4,Q4 2021,Professional & Scientific,England/Wales,443,2021.75,389.0,316.0,299.0,15,0,2,0.1261,60.97,2042011.0
2022,1,Q1 2022,Professional & Scientific,England/Wales,450,2022.0,443.0,389.0,343.0,15,0,2,0.45,66.09,2243340.0
2022,2,Q2 2022,Professional & Scientific,England/Wales,474,2022.25,450.0,443.0,399.5,15,0,2,0.9478,78.64,2243340.0
2022,3,Q3 2022,Professional & Scientific,England/Wales,467,2022.5,474.0,450.0,439.0,15,0,2,1.6141,86.09,2243340.0
2022,4,Q4 2022,Professional & Scientific,England/Wales,416,2022.75,467.0,474.0,458.5,15,0,2,2.8234,101.86,2243340.0
2023,1,Q1 2023,Professional & Scientific,England/Wales,479,2023.0,416.0,467.0,451.75,15,0,2,3.8472,105.67,2422397.0
2023,2,Q2 2023,Professional & Scientific,England/Wales,527,2023.25,479.0,416.0,459.0,15,0,2,4.4396,111.39,2422397.0
2023,3,Q3 2023,Professional & Scientific,England/Wales,496,2023.5,527.0,479.0,472.25,15,0,2,5.1603,108.35,2422397.0
2023,4,Q4 2023,Professional & Scientific,England/Wales,513,2023.75,496.0,527.0,479.5,15,0,2,5.25,108.98,2422397.0
2024,1,Q1 2024,Professional & Scientific,England/Wales,453,2024.0,513.0,496.0,503.75,15,0,2,5.25,112.39,1861953.0
2024,2,Q2 2024,Professional & Scientific,England/Wales,500,2024.25,453.0,513.0,497.25,15,0,2,5.25,100.2,1861953.0
2024,3,Q3 2024,Professional & Scientific,England/Wales,482,2024.5,500.0,453.0,490.5,15,0,2,5.0842,100.64,1861953.0
2024,4,Q4 2024,Professional & Scientific,England/Wales,485,2024.75,482.0,500.0,487.0,15,0,2,4.8505,104.57,1861953.0
2025,1,Q1 2025,Professional & Scientific,England/Wales,465,2025.0,485.0,482.0,480.0,15,0,2,4.6,105.14,1861953.0
2025,2,Q2 2025,Professional & Scientific,England/Wales,518,2025.25,465.0,485.0,483.0,15,0,2,4.3516,98.78,1861953.0
2025,3,Q3 2025,Professional & Scientific,England/Wales,498,2025.5,518.0,465.0,487.5,15,0,2,4.25,98.05,1861953.0
2025,4,Q4 2025,Professional & Scientific,England/Wales,519,2025.75,498.0,518.0,491.5,15,0,2,4.25,99.05,1861953.0
2026,1,Q1 2026,Professional & Scientific,England/Wales,456,2026.0,519.0,498.0,500.0,15,0,2,0.75,49.59,1861953.0
2016,3,Q3 2016,Professional & Scientific,Scotland,23,2016.5,27.0,29.0,28.0,15,1,2,0.3424,37.11,151973.0
2016,4,Q4 2016,Professional & Scientific,Scotland,25,2016.75,23.0,27.0,26.33333333333333,15,1,2,0.25,39.13,151973.0
2017,1,Q1 2017,Professional & Scientific,Scotland,15,2017.0,25.0,23.0,26.0,15,1,2,0.25,39.57,159217.0
2017,2,Q2 2017,Professional & Scientific,Scotland,21,2017.25,15.0,25.0,22.5,15,1,2,0.25,38.3,159217.0
2017,3,Q3 2017,Professional & Scientific,Scotland,19,2017.5,21.0,15.0,21.0,15,1,2,0.25,38.64,159217.0
2017,4,Q4 2017,Professional & Scientific,Scotland,26,2017.75,19.0,21.0,20.0,15,1,2,0.413,41.23,159217.0
2018,1,Q1 2018,Professional & Scientific,Scotland,17,2018.0,26.0,19.0,20.25,15,1,2,0.5,41.62,162423.0
2018,2,Q2 2018,Professional & Scientific,Scotland,22,2018.25,17.0,26.0,20.75,15,1,2,0.5,40.89,162423.0
2018,3,Q3 2018,Professional & Scientific,Scotland,20,2018.5,22.0,17.0,21.0,15,1,2,0.663,42.33,162423.0
2018,4,Q4 2018,Professional & Scientific,Scotland,17,2018.75,20.0,22.0,21.25,15,1,2,0.75,45.37,162423.0
2019,1,Q1 2019,Professional & Scientific,Scotland,19,2019.0,17.0,20.0,19.0,15,1,2,0.75,46.57,168993.0
2019,2,Q2 2019,Professional & Scientific,Scotland,23,2019.25,19.0,17.0,19.5,15,1,2,0.75,45.14,168993.0
2019,3,Q3 2019,Professional & Scientific,Scotland,18,2019.5,23.0,19.0,19.75,15,1,2,0.75,44.6,168993.0
2019,4,Q4 2019,Professional & Scientific,Scotland,19,2019.75,18.0,23.0,19.25,15,1,2,0.75,47.61,168993.0
2020,1,Q1 2020,Professional & Scientific,Scotland,16,2020.0,19.0,18.0,19.75,15,1,2,0.6132,46.94,158489.0
2020,2,Q2 2020,Professional & Scientific,Scotland,14,2020.25,16.0,19.0,19.0,15,1,2,0.1,43.8,158489.0
2020,3,Q3 2020,Professional & Scientific,Scotland,11,2020.5,14.0,16.0,16.75,15,1,2,0.1,44.5,158489.0
2020,4,Q4 2020,Professional & Scientific,Scotland,14,2020.75,11.0,14.0,15.0,15,1,2,0.1,48.19,158489.0
2021,1,Q1 2021,Professional & Scientific,Scotland,12,2021.0,14.0,11.0,13.75,15,1,2,0.1,49.59,171688.0
2021,2,Q2 2021,Professional & Scientific,Scotland,27,2021.25,12.0,14.0,12.75,15,1,2,0.1,49.05,171688.0
2021,3,Q3 2021,Professional & Scientific,Scotland,21,2021.5,27.0,12.0,16.0,15,1,2,0.1,53.66,171688.0
2021,4,Q4 2021,Professional & Scientific,Scotland,40,2021.75,21.0,27.0,18.5,15,1,2,0.1261,60.97,171688.0
2022,1,Q1 2022,Professional & Scientific,Scotland,31,2022.0,40.0,21.0,25.0,15,1,2,0.45,66.09,188246.0
2022,2,Q2 2022,Professional & Scientific,Scotland,29,2022.25,31.0,40.0,29.75,15,1,2,0.9478,78.64,188246.0
2022,3,Q3 2022,Professional & Scientific,Scotland,32,2022.5,29.0,31.0,30.25,15,1,2,1.6141,86.09,188246.0
2022,4,Q4 2022,Professional & Scientific,Scotland,28,2022.75,32.0,29.0,33.0,15,1,2,2.8234,101.86,188246.0
2023,1,Q1 2023,Professional & Scientific,Scotland,19,2023.0,28.0,32.0,30.0,15,1,2,3.8472,105.67,204188.0
2023,2,Q2 2023,Professional & Scientific,Scotland,29,2023.25,19.0,28.0,27.0,15,1,2,4.4396,111.39,204188.0
2023,3,Q3 2023,Professional & Scientific,Scotland,25,2023.5,29.0,19.0,27.0,15,1,2,5.1603,108.35,204188.0
2023,4,Q4 2023,Professional & Scientific,Scotland,24,2023.75,25.0,29.0,25.25,15,1,2,5.25,108.98,204188.0
2024,1,Q1 2024,Professional & Scientific,Scotland,24,2024.0,24.0,25.0,24.25,15,1,2,5.25,112.39,1861953.0
2024,2,Q2 2024,Professional & Scientific,Scotland,26,2024.25,24.0,24.0,25.5,15,1,2,5.25,100.2,1861953.0
2024,3,Q3 2024,Professional & Scientific,Scotland,13,2024.5,26.0,24.0,24.75,15,1,2,5.0842,100.64,1861953.0
2024,4,Q4 2024,Professional & Scientific,Scotland,16,2024.75,13.0,26.0,21.75,15,1,2,4.8505,104.57,1861953.0
2025,1,Q1 2025,Professional & Scientific,Scotland,22,2025.0,16.0,13.0,19.75,15,1,2,4.6,105.14,1861953.0
2025,2,Q2 2025,Professional & Scientific,Scotland,21,2025.25,22.0,16.0,19.25,15,1,2,4.3516,98.78,1861953.0
2025,3,Q3 2025,Professional & Scientific,Scotland,24,2025.5,21.0,22.0,18.0,15,1,2,4.25,98.05,1861953.0
2025,4,Q4 2025,Professional & Scientific,Scotland,26,2025.75,24.0,21.0,20.75,15,1,2,4.25,99.05,1861953.0
2026,1,Q1 2026,Professional & Scientific,Scotland,22,2026.0,26.0,24.0,23.25,15,1,2,0.75,49.59,1861953.0
2016,3,Q3 2016,Public Administration,England/Wales,4,2016.5,1.0,4.0,2.5,16,0,1,0.3424,37.11,1784443.0
2016,4,Q4 2016,Public Administration,England/Wales,1,2016.75,4.0,1.0,3.0,16,0,1,0.25,39.13,1784443.0
2017,1,Q1 2017,Public Administration,England/Wales,2,2017.0,1.0,4.0,2.5,16,0,1,0.25,39.57,1861953.0
2017,2,Q2 2017,Public Administration,England/Wales,2,2017.25,2.0,1.0,2.0,16,0,1,0.25,38.3,1861953.0
2017,3,Q3 2017,Public Administration,England/Wales,5,2017.5,2.0,2.0,2.25,16,0,1,0.25,38.64,1861953.0
2017,4,Q4 2017,Public Administration,England/Wales,1,2017.75,5.0,2.0,2.5,16,0,1,0.413,41.23,1861953.0
2018,1,Q1 2018,Public Administration,England/Wales,1,2018.0,1.0,5.0,2.5,16,0,1,0.5,41.62,1922054.0
2018,2,Q2 2018,Public Administration,England/Wales,1,2018.25,1.0,1.0,2.25,16,0,1,0.5,40.89,1922054.0
2018,3,Q3 2018,Public Administration,England/Wales,5,2018.5,1.0,1.0,2.0,16,0,1,0.663,42.33,1922054.0
2018,4,Q4 2018,Public Administration,England/Wales,7,2018.75,5.0,1.0,2.0,16,0,1,0.75,45.37,1922054.0
2019,1,Q1 2019,Public Administration,England/Wales,5,2019.0,7.0,5.0,3.5,16,0,1,0.75,46.57,1996347.0
2019,2,Q2 2019,Public Administration,England/Wales,5,2019.25,5.0,7.0,4.5,16,0,1,0.75,45.14,1996347.0
2019,3,Q3 2019,Public Administration,England/Wales,2,2019.5,5.0,5.0,5.5,16,0,1,0.75,44.6,1996347.0
2019,4,Q4 2019,Public Administration,England/Wales,4,2019.75,2.0,5.0,4.75,16,0,1,0.75,47.61,1996347.0
2020,1,Q1 2020,Public Administration,England/Wales,4,2020.0,4.0,2.0,4.0,16,0,1,0.6132,46.94,1885198.0
2020,2,Q2 2020,Public Administration,England/Wales,5,2020.25,4.0,4.0,3.75,16,0,1,0.1,43.8,1885198.0
2020,4,Q4 2020,Public Administration,England/Wales,2,2020.75,5.0,4.0,3.75,16,0,1,0.1,48.19,1885198.0
2021,1,Q1 2021,Public Administration,England/Wales,3,2021.0,2.0,5.0,3.75,16,0,1,0.1,49.59,2042011.0
2021,2,Q2 2021,Public Administration,England/Wales,7,2021.25,3.0,2.0,3.5,16,0,1,0.1,49.05,2042011.0
2021,3,Q3 2021,Public Administration,England/Wales,3,2021.5,7.0,3.0,4.25,16,0,1,0.1,53.66,2042011.0
2021,4,Q4 2021,Public Administration,England/Wales,9,2021.75,3.0,7.0,3.75,16,0,1,0.1261,60.97,2042011.0
2022,1,Q1 2022,Public Administration,England/Wales,6,2022.0,9.0,3.0,5.5,16,0,1,0.45,66.09,2243340.0
2022,2,Q2 2022,Public Administration,England/Wales,7,2022.25,6.0,9.0,6.25,16,0,1,0.9478,78.64,2243340.0
2022,3,Q3 2022,Public Administration,England/Wales,7,2022.5,7.0,6.0,6.25,16,0,1,1.6141,86.09,2243340.0
2022,4,Q4 2022,Public Administration,England/Wales,12,2022.75,7.0,7.0,7.25,16,0,1,2.8234,101.86,2243340.0
2023,1,Q1 2023,Public Administration,England/Wales,6,2023.0,12.0,7.0,8.0,16,0,1,3.8472,105.67,2422397.0
2023,2,Q2 2023,Public Administration,England/Wales,7,2023.25,6.0,12.0,8.0,16,0,1,4.4396,111.39,2422397.0
2023,3,Q3 2023,Public Administration,England/Wales,8,2023.5,7.0,6.0,8.0,16,0,1,5.1603,108.35,2422397.0
2023,4,Q4 2023,Public Administration,England/Wales,2,2023.75,8.0,7.0,8.25,16,0,1,5.25,108.98,2422397.0
2024,1,Q1 2024,Public Administration,England/Wales,3,2024.0,2.0,8.0,5.75,16,0,1,5.25,112.39,1861953.0
2024,2,Q2 2024,Public Administration,England/Wales,11,2024.25,3.0,2.0,5.0,16,0,1,5.25,100.2,1861953.0
2024,3,Q3 2024,Public Administration,England/Wales,2,2024.5,11.0,3.0,6.0,16,0,1,5.0842,100.64,1861953.0
2024,4,Q4 2024,Public Administration,England/Wales,8,2024.75,2.0,11.0,4.5,16,0,1,4.8505,104.57,1861953.0
2025,1,Q1 2025,Public Administration,England/Wales,6,2025.0,8.0,2.0,6.0,16,0,1,4.6,105.14,1861953.0
2025,2,Q2 2025,Public Administration,England/Wales,5,2025.25,6.0,8.0,6.75,16,0,1,4.3516,98.78,1861953.0
2025,3,Q3 2025,Public Administration,England/Wales,6,2025.5,5.0,6.0,5.25,16,0,1,4.25,98.05,1861953.0
2025,4,Q4 2025,Public Administration,England/Wales,8,2025.75,6.0,5.0,6.25,16,0,1,4.25,99.05,1861953.0
2026,1,Q1 2026,Public Administration,England/Wales,7,2026.0,8.0,6.0,6.25,16,0,1,0.75,49.59,1861953.0
2022,2,Q2 2022,Public Administration,Scotland,1,2022.25,1.0,1.0,1.0,16,1,1,0.9478,78.64,188246.0
2022,3,Q3 2022,Public Administration,Scotland,1,2022.5,1.0,1.0,1.0,16,1,1,1.6141,86.09,188246.0
2025,3,Q3 2025,Public Administration,Scotland,1,2025.5,1.0,1.0,1.0,16,1,1,4.25,98.05,1861953.0
2016,3,Q3 2016,Real Estate,England/Wales,93,2016.5,103.0,102.0,102.5,17,0,1,0.3424,37.11,1784443.0
2016,4,Q4 2016,Real Estate,England/Wales,82,2016.75,93.0,103.0,99.33333333333331,17,0,1,0.25,39.13,1784443.0
2017,1,Q1 2017,Real Estate,England/Wales,106,2017.0,82.0,93.0,95.0,17,0,1,0.25,39.57,1861953.0
2017,2,Q2 2017,Real Estate,England/Wales,88,2017.25,106.0,82.0,96.0,17,0,1,0.25,38.3,1861953.0
2017,3,Q3 2017,Real Estate,England/Wales,92,2017.5,88.0,106.0,92.25,17,0,1,0.25,38.64,1861953.0
2017,4,Q4 2017,Real Estate,England/Wales,79,2017.75,92.0,88.0,92.0,17,0,1,0.413,41.23,1861953.0
2018,1,Q1 2018,Real Estate,England/Wales,89,2018.0,79.0,92.0,91.25,17,0,1,0.5,41.62,1922054.0
2018,2,Q2 2018,Real Estate,England/Wales,92,2018.25,89.0,79.0,87.0,17,0,1,0.5,40.89,1922054.0
2018,3,Q3 2018,Real Estate,England/Wales,104,2018.5,92.0,89.0,88.0,17,0,1,0.663,42.33,1922054.0
2018,4,Q4 2018,Real Estate,England/Wales,85,2018.75,104.0,92.0,91.0,17,0,1,0.75,45.37,1922054.0
2019,1,Q1 2019,Real Estate,England/Wales,136,2019.0,85.0,104.0,92.5,17,0,1,0.75,46.57,1996347.0
2019,2,Q2 2019,Real Estate,England/Wales,110,2019.25,136.0,85.0,104.25,17,0,1,0.75,45.14,1996347.0
2019,3,Q3 2019,Real Estate,England/Wales,115,2019.5,110.0,136.0,108.75,17,0,1,0.75,44.6,1996347.0
2019,4,Q4 2019,Real Estate,England/Wales,133,2019.75,115.0,110.0,111.5,17,0,1,0.75,47.61,1996347.0
2020,1,Q1 2020,Real Estate,England/Wales,111,2020.0,133.0,115.0,123.5,17,0,1,0.6132,46.94,1885198.0
2020,2,Q2 2020,Real Estate,England/Wales,70,2020.25,111.0,133.0,117.25,17,0,1,0.1,43.8,1885198.0
2020,3,Q3 2020,Real Estate,England/Wales,89,2020.5,70.0,111.0,107.25,17,0,1,0.1,44.5,1885198.0
2020,4,Q4 2020,Real Estate,England/Wales,97,2020.75,89.0,70.0,100.75,17,0,1,0.1,48.19,1885198.0
2021,1,Q1 2021,Real Estate,England/Wales,90,2021.0,97.0,89.0,91.75,17,0,1,0.1,49.59,2042011.0
2021,2,Q2 2021,Real Estate,England/Wales,69,2021.25,90.0,97.0,86.5,17,0,1,0.1,49.05,2042011.0
2021,3,Q3 2021,Real Estate,England/Wales,117,2021.5,69.0,90.0,86.25,17,0,1,0.1,53.66,2042011.0
2021,4,Q4 2021,Real Estate,England/Wales,137,2021.75,117.0,69.0,93.25,17,0,1,0.1261,60.97,2042011.0
2022,1,Q1 2022,Real Estate,England/Wales,181,2022.0,137.0,117.0,103.25,17,0,1,0.45,66.09,2243340.0
2022,2,Q2 2022,Real Estate,England/Wales,166,2022.25,181.0,137.0,126.0,17,0,1,0.9478,78.64,2243340.0
2022,3,Q3 2022,Real Estate,England/Wales,167,2022.5,166.0,181.0,150.25,17,0,1,1.6141,86.09,2243340.0
2022,4,Q4 2022,Real Estate,England/Wales,206,2022.75,167.0,166.0,162.75,17,0,1,2.8234,101.86,2243340.0
2023,1,Q1 2023,Real Estate,England/Wales,149,2023.0,206.0,167.0,180.0,17,0,1,3.8472,105.67,2422397.0
2023,2,Q2 2023,Real Estate,England/Wales,208,2023.25,149.0,206.0,172.0,17,0,1,4.4396,111.39,2422397.0
2023,3,Q3 2023,Real Estate,England/Wales,179,2023.5,208.0,149.0,182.5,17,0,1,5.1603,108.35,2422397.0
2023,4,Q4 2023,Real Estate,England/Wales,214,2023.75,179.0,208.0,185.5,17,0,1,5.25,108.98,2422397.0
2024,1,Q1 2024,Real Estate,England/Wales,173,2024.0,214.0,179.0,187.5,17,0,1,5.25,112.39,1861953.0
2024,2,Q2 2024,Real Estate,England/Wales,200,2024.25,173.0,214.0,193.5,17,0,1,5.25,100.2,1861953.0
2024,3,Q3 2024,Real Estate,England/Wales,177,2024.5,200.0,173.0,191.5,17,0,1,5.0842,100.64,1861953.0
2024,4,Q4 2024,Real Estate,England/Wales,184,2024.75,177.0,200.0,191.0,17,0,1,4.8505,104.57,1861953.0
2025,1,Q1 2025,Real Estate,England/Wales,174,2025.0,184.0,177.0,183.5,17,0,1,4.6,105.14,1861953.0
2025,2,Q2 2025,Real Estate,England/Wales,224,2025.25,174.0,184.0,183.75,17,0,1,4.3516,98.78,1861953.0
2025,3,Q3 2025,Real Estate,England/Wales,195,2025.5,224.0,174.0,189.75,17,0,1,4.25,98.05,1861953.0
2025,4,Q4 2025,Real Estate,England/Wales,180,2025.75,195.0,224.0,194.25,17,0,1,4.25,99.05,1861953.0
2026,1,Q1 2026,Real Estate,England/Wales,290,2026.0,180.0,195.0,193.25,17,0,1,0.75,49.59,1861953.0
2016,3,Q3 2016,Real Estate,Scotland,14,2016.5,20.0,6.0,13.0,17,1,1,0.3424,37.11,151973.0
2016,4,Q4 2016,Real Estate,Scotland,17,2016.75,14.0,20.0,13.333333333333334,17,1,1,0.25,39.13,151973.0
2017,1,Q1 2017,Real Estate,Scotland,15,2017.0,17.0,14.0,14.25,17,1,1,0.25,39.57,159217.0
2017,2,Q2 2017,Real Estate,Scotland,8,2017.25,15.0,17.0,16.5,17,1,1,0.25,38.3,159217.0
2017,3,Q3 2017,Real Estate,Scotland,8,2017.5,8.0,15.0,13.5,17,1,1,0.25,38.64,159217.0
2017,4,Q4 2017,Real Estate,Scotland,5,2017.75,8.0,8.0,12.0,17,1,1,0.413,41.23,159217.0
2018,1,Q1 2018,Real Estate,Scotland,3,2018.0,5.0,8.0,9.0,17,1,1,0.5,41.62,162423.0
2018,2,Q2 2018,Real Estate,Scotland,4,2018.25,3.0,5.0,6.0,17,1,1,0.5,40.89,162423.0
2018,3,Q3 2018,Real Estate,Scotland,4,2018.5,4.0,3.0,5.0,17,1,1,0.663,42.33,162423.0
2018,4,Q4 2018,Real Estate,Scotland,6,2018.75,4.0,4.0,4.0,17,1,1,0.75,45.37,162423.0
2019,1,Q1 2019,Real Estate,Scotland,8,2019.0,6.0,4.0,4.25,17,1,1,0.75,46.57,168993.0
2019,2,Q2 2019,Real Estate,Scotland,5,2019.25,8.0,6.0,5.5,17,1,1,0.75,45.14,168993.0
2019,3,Q3 2019,Real Estate,Scotland,9,2019.5,5.0,8.0,5.75,17,1,1,0.75,44.6,168993.0
2019,4,Q4 2019,Real Estate,Scotland,10,2019.75,9.0,5.0,7.0,17,1,1,0.75,47.61,168993.0
2020,1,Q1 2020,Real Estate,Scotland,4,2020.0,10.0,9.0,8.0,17,1,1,0.6132,46.94,158489.0
2020,2,Q2 2020,Real Estate,Scotland,3,2020.25,4.0,10.0,7.0,17,1,1,0.1,43.8,158489.0
2020,3,Q3 2020,Real Estate,Scotland,3,2020.5,3.0,4.0,6.5,17,1,1,0.1,44.5,158489.0
2020,4,Q4 2020,Real Estate,Scotland,6,2020.75,3.0,3.0,5.0,17,1,1,0.1,48.19,158489.0
2021,1,Q1 2021,Real Estate,Scotland,2,2021.0,6.0,3.0,4.0,17,1,1,0.1,49.59,171688.0
2021,2,Q2 2021,Real Estate,Scotland,5,2021.25,2.0,6.0,3.5,17,1,1,0.1,49.05,171688.0
2021,3,Q3 2021,Real Estate,Scotland,7,2021.5,5.0,2.0,4.0,17,1,1,0.1,53.66,171688.0
2021,4,Q4 2021,Real Estate,Scotland,4,2021.75,7.0,5.0,5.0,17,1,1,0.1261,60.97,171688.0
2022,1,Q1 2022,Real Estate,Scotland,2,2022.0,4.0,7.0,4.5,17,1,1,0.45,66.09,188246.0
2022,2,Q2 2022,Real Estate,Scotland,8,2022.25,2.0,4.0,4.5,17,1,1,0.9478,78.64,188246.0
2022,3,Q3 2022,Real Estate,Scotland,3,2022.5,8.0,2.0,5.25,17,1,1,1.6141,86.09,188246.0
2022,4,Q4 2022,Real Estate,Scotland,9,2022.75,3.0,8.0,4.25,17,1,1,2.8234,101.86,188246.0
2023,1,Q1 2023,Real Estate,Scotland,11,2023.0,9.0,3.0,5.5,17,1,1,3.8472,105.67,204188.0
2023,2,Q2 2023,Real Estate,Scotland,10,2023.25,11.0,9.0,7.75,17,1,1,4.4396,111.39,204188.0
2023,3,Q3 2023,Real Estate,Scotland,9,2023.5,10.0,11.0,8.25,17,1,1,5.1603,108.35,204188.0
2023,4,Q4 2023,Real Estate,Scotland,6,2023.75,9.0,10.0,9.75,17,1,1,5.25,108.98,204188.0
2024,1,Q1 2024,Real Estate,Scotland,7,2024.0,6.0,9.0,9.0,17,1,1,5.25,112.39,1861953.0
2024,2,Q2 2024,Real Estate,Scotland,6,2024.25,7.0,6.0,8.0,17,1,1,5.25,100.2,1861953.0
2024,3,Q3 2024,Real Estate,Scotland,12,2024.5,6.0,7.0,7.0,17,1,1,5.0842,100.64,1861953.0
2024,4,Q4 2024,Real Estate,Scotland,10,2024.75,12.0,6.0,7.75,17,1,1,4.8505,104.57,1861953.0
2025,1,Q1 2025,Real Estate,Scotland,8,2025.0,10.0,12.0,8.75,17,1,1,4.6,105.14,1861953.0
2025,2,Q2 2025,Real Estate,Scotland,11,2025.25,8.0,10.0,9.0,17,1,1,4.3516,98.78,1861953.0
2025,3,Q3 2025,Real Estate,Scotland,9,2025.5,11.0,8.0,10.25,17,1,1,4.25,98.05,1861953.0
2025,4,Q4 2025,Real Estate,Scotland,18,2025.75,9.0,11.0,9.5,17,1,1,4.25,99.05,1861953.0
2026,1,Q1 2026,Real Estate,Scotland,12,2026.0,18.0,9.0,11.5,17,1,1,0.75,49.59,1861953.0
2016,3,Q3 2016,Transport & Storage,England/Wales,70,2016.5,91.0,93.0,92.0,18,0,1,0.3424,37.11,1784443.0
2016,4,Q4 2016,Transport & Storage,England/Wales,92,2016.75,70.0,91.0,84.66666666666667,18,0,1,0.25,39.13,1784443.0
2017,1,Q1 2017,Transport & Storage,England/Wales,107,2017.0,92.0,70.0,86.5,18,0,1,0.25,39.57,1861953.0
2017,2,Q2 2017,Transport & Storage,England/Wales,106,2017.25,107.0,92.0,90.0,18,0,1,0.25,38.3,1861953.0
2017,3,Q3 2017,Transport & Storage,England/Wales,100,2017.5,106.0,107.0,93.75,18,0,1,0.25,38.64,1861953.0
2017,4,Q4 2017,Transport & Storage,England/Wales,100,2017.75,100.0,106.0,101.25,18,0,1,0.413,41.23,1861953.0
2018,1,Q1 2018,Transport & Storage,England/Wales,136,2018.0,100.0,100.0,103.25,18,0,1,0.5,41.62,1922054.0
2018,2,Q2 2018,Transport & Storage,England/Wales,142,2018.25,136.0,100.0,110.5,18,0,1,0.5,40.89,1922054.0
2018,3,Q3 2018,Transport & Storage,England/Wales,137,2018.5,142.0,136.0,119.5,18,0,1,0.663,42.33,1922054.0
2018,4,Q4 2018,Transport & Storage,England/Wales,104,2018.75,137.0,142.0,128.75,18,0,1,0.75,45.37,1922054.0
2019,1,Q1 2019,Transport & Storage,England/Wales,156,2019.0,104.0,137.0,129.75,18,0,1,0.75,46.57,1996347.0
2019,2,Q2 2019,Transport & Storage,England/Wales,130,2019.25,156.0,104.0,134.75,18,0,1,0.75,45.14,1996347.0
2019,3,Q3 2019,Transport & Storage,England/Wales,123,2019.5,130.0,156.0,131.75,18,0,1,0.75,44.6,1996347.0
2019,4,Q4 2019,Transport & Storage,England/Wales,136,2019.75,123.0,130.0,128.25,18,0,1,0.75,47.61,1996347.0
2020,1,Q1 2020,Transport & Storage,England/Wales,144,2020.0,136.0,123.0,136.25,18,0,1,0.6132,46.94,1885198.0
2020,2,Q2 2020,Transport & Storage,England/Wales,99,2020.25,144.0,136.0,133.25,18,0,1,0.1,43.8,1885198.0
2020,3,Q3 2020,Transport & Storage,England/Wales,87,2020.5,99.0,144.0,125.5,18,0,1,0.1,44.5,1885198.0
2020,4,Q4 2020,Transport & Storage,England/Wales,106,2020.75,87.0,99.0,116.5,18,0,1,0.1,48.19,1885198.0
2021,1,Q1 2021,Transport & Storage,England/Wales,68,2021.0,106.0,87.0,109.0,18,0,1,0.1,49.59,2042011.0
2021,2,Q2 2021,Transport & Storage,England/Wales,126,2021.25,68.0,106.0,90.0,18,0,1,0.1,49.05,2042011.0
2021,3,Q3 2021,Transport & Storage,England/Wales,183,2021.5,126.0,68.0,96.75,18,0,1,0.1,53.66,2042011.0
2021,4,Q4 2021,Transport & Storage,England/Wales,155,2021.75,183.0,126.0,120.75,18,0,1,0.1261,60.97,2042011.0
2022,1,Q1 2022,Transport & Storage,England/Wales,183,2022.0,155.0,183.0,133.0,18,0,1,0.45,66.09,2243340.0
2022,2,Q2 2022,Transport & Storage,England/Wales,182,2022.25,183.0,155.0,161.75,18,0,1,0.9478,78.64,2243340.0
2022,3,Q3 2022,Transport & Storage,England/Wales,191,2022.5,182.0,183.0,175.75,18,0,1,1.6141,86.09,2243340.0
2022,4,Q4 2022,Transport & Storage,England/Wales,229,2022.75,191.0,182.0,177.75,18,0,1,2.8234,101.86,2243340.0
2023,1,Q1 2023,Transport & Storage,England/Wales,198,2023.0,229.0,191.0,196.25,18,0,1,3.8472,105.67,2422397.0
2023,2,Q2 2023,Transport & Storage,England/Wales,243,2023.25,198.0,229.0,200.0,18,0,1,4.4396,111.39,2422397.0
2023,3,Q3 2023,Transport & Storage,England/Wales,201,2023.5,243.0,198.0,215.25,18,0,1,5.1603,108.35,2422397.0
2023,4,Q4 2023,Transport & Storage,England/Wales,239,2023.75,201.0,243.0,217.75,18,0,1,5.25,108.98,2422397.0
2024,1,Q1 2024,Transport & Storage,England/Wales,201,2024.0,239.0,201.0,220.25,18,0,1,5.25,112.39,1861953.0
2024,2,Q2 2024,Transport & Storage,England/Wales,270,2024.25,201.0,239.0,221.0,18,0,1,5.25,100.2,1861953.0
2024,3,Q3 2024,Transport & Storage,England/Wales,208,2024.5,270.0,201.0,227.75,18,0,1,5.0842,100.64,1861953.0
2024,4,Q4 2024,Transport & Storage,England/Wales,182,2024.75,208.0,270.0,229.5,18,0,1,4.8505,104.57,1861953.0
2025,1,Q1 2025,Transport & Storage,England/Wales,184,2025.0,182.0,208.0,215.25,18,0,1,4.6,105.14,1861953.0
2025,2,Q2 2025,Transport & Storage,England/Wales,199,2025.25,184.0,182.0,211.0,18,0,1,4.3516,98.78,1861953.0
2025,3,Q3 2025,Transport & Storage,England/Wales,200,2025.5,199.0,184.0,193.25,18,0,1,4.25,98.05,1861953.0
2025,4,Q4 2025,Transport & Storage,England/Wales,169,2025.75,200.0,199.0,191.25,18,0,1,4.25,99.05,1861953.0
2026,1,Q1 2026,Transport & Storage,England/Wales,137,2026.0,169.0,200.0,188.0,18,0,1,0.75,49.59,1861953.0
2016,3,Q3 2016,Transport & Storage,Scotland,8,2016.5,6.0,4.0,5.0,18,1,1,0.3424,37.11,151973.0
2016,4,Q4 2016,Transport & Storage,Scotland,8,2016.75,8.0,6.0,6.0,18,1,1,0.25,39.13,151973.0
2017,1,Q1 2017,Transport & Storage,Scotland,3,2017.0,8.0,8.0,6.5,18,1,1,0.25,39.57,159217.0
2017,2,Q2 2017,Transport & Storage,Scotland,6,2017.25,3.0,8.0,6.25,18,1,1,0.25,38.3,159217.0
2017,3,Q3 2017,Transport & Storage,Scotland,4,2017.5,6.0,3.0,6.25,18,1,1,0.25,38.64,159217.0
2017,4,Q4 2017,Transport & Storage,Scotland,7,2017.75,4.0,6.0,5.25,18,1,1,0.413,41.23,159217.0
2018,1,Q1 2018,Transport & Storage,Scotland,6,2018.0,7.0,4.0,5.0,18,1,1,0.5,41.62,162423.0
2018,2,Q2 2018,Transport & Storage,Scotland,4,2018.25,6.0,7.0,5.75,18,1,1,0.5,40.89,162423.0
2018,3,Q3 2018,Transport & Storage,Scotland,7,2018.5,4.0,6.0,5.25,18,1,1,0.663,42.33,162423.0
2018,4,Q4 2018,Transport & Storage,Scotland,3,2018.75,7.0,4.0,6.0,18,1,1,0.75,45.37,162423.0
2019,1,Q1 2019,Transport & Storage,Scotland,7,2019.0,3.0,7.0,5.0,18,1,1,0.75,46.57,168993.0
2019,2,Q2 2019,Transport & Storage,Scotland,9,2019.25,7.0,3.0,5.25,18,1,1,0.75,45.14,168993.0
2019,3,Q3 2019,Transport & Storage,Scotland,10,2019.5,9.0,7.0,6.5,18,1,1,0.75,44.6,168993.0
2019,4,Q4 2019,Transport & Storage,Scotland,7,2019.75,10.0,9.0,7.25,18,1,1,0.75,47.61,168993.0
2020,1,Q1 2020,Transport & Storage,Scotland,5,2020.0,7.0,10.0,8.25,18,1,1,0.6132,46.94,158489.0
2020,2,Q2 2020,Transport & Storage,Scotland,3,2020.25,5.0,7.0,7.75,18,1,1,0.1,43.8,158489.0
2020,3,Q3 2020,Transport & Storage,Scotland,6,2020.5,3.0,5.0,6.25,18,1,1,0.1,44.5,158489.0
2020,4,Q4 2020,Transport & Storage,Scotland,5,2020.75,6.0,3.0,5.25,18,1,1,0.1,48.19,158489.0
2021,1,Q1 2021,Transport & Storage,Scotland,2,2021.0,5.0,6.0,4.75,18,1,1,0.1,49.59,171688.0
2021,2,Q2 2021,Transport & Storage,Scotland,4,2021.25,2.0,5.0,4.0,18,1,1,0.1,49.05,171688.0
2021,3,Q3 2021,Transport & Storage,Scotland,12,2021.5,4.0,2.0,4.25,18,1,1,0.1,53.66,171688.0
2021,4,Q4 2021,Transport & Storage,Scotland,11,2021.75,12.0,4.0,5.75,18,1,1,0.1261,60.97,171688.0
2022,1,Q1 2022,Transport & Storage,Scotland,7,2022.0,11.0,12.0,7.25,18,1,1,0.45,66.09,188246.0
2022,2,Q2 2022,Transport & Storage,Scotland,7,2022.25,7.0,11.0,8.5,18,1,1,0.9478,78.64,188246.0
2022,3,Q3 2022,Transport & Storage,Scotland,5,2022.5,7.0,7.0,9.25,18,1,1,1.6141,86.09,188246.0
2022,4,Q4 2022,Transport & Storage,Scotland,9,2022.75,5.0,7.0,7.5,18,1,1,2.8234,101.86,188246.0
2023,1,Q1 2023,Transport & Storage,Scotland,12,2023.0,9.0,5.0,7.0,18,1,1,3.8472,105.67,204188.0
2023,2,Q2 2023,Transport & Storage,Scotland,8,2023.25,12.0,9.0,8.25,18,1,1,4.4396,111.39,204188.0
2023,3,Q3 2023,Transport & Storage,Scotland,8,2023.5,8.0,12.0,8.5,18,1,1,5.1603,108.35,204188.0
2023,4,Q4 2023,Transport & Storage,Scotland,5,2023.75,8.0,8.0,9.25,18,1,1,5.25,108.98,204188.0
2024,1,Q1 2024,Transport & Storage,Scotland,11,2024.0,5.0,8.0,8.25,18,1,1,5.25,112.39,1861953.0
2024,2,Q2 2024,Transport & Storage,Scotland,15,2024.25,11.0,5.0,8.0,18,1,1,5.25,100.2,1861953.0
2024,3,Q3 2024,Transport & Storage,Scotland,5,2024.5,15.0,11.0,9.75,18,1,1,5.0842,100.64,1861953.0
2024,4,Q4 2024,Transport & Storage,Scotland,10,2024.75,5.0,15.0,9.0,18,1,1,4.8505,104.57,1861953.0
2025,1,Q1 2025,Transport & Storage,Scotland,6,2025.0,10.0,5.0,10.25,18,1,1,4.6,105.14,1861953.0
2025,2,Q2 2025,Transport & Storage,Scotland,15,2025.25,6.0,10.0,9.0,18,1,1,4.3516,98.78,1861953.0
2025,3,Q3 2025,Transport & Storage,Scotland,10,2025.5,15.0,6.0,9.0,18,1,1,4.25,98.05,1861953.0
2025,4,Q4 2025,Transport & Storage,Scotland,8,2025.75,10.0,15.0,10.25,18,1,1,4.25,99.05,1861953.0
2026,1,Q1 2026,Transport & Storage,Scotland,13,2026.0,8.0,10.0,9.75,18,1,1,0.75,49.59,1861953.0
2016,3,Q3 2016,Unknown,England/Wales,192,2016.5,277.0,229.0,253.0,19,0,0,0.3424,37.11,1784443.0
2016,4,Q4 2016,Unknown,England/Wales,162,2016.75,192.0,277.0,232.66666666666663,19,0,0,0.25,39.13,1784443.0
2017,1,Q1 2017,Unknown,England/Wales,179,2017.0,162.0,192.0,215.0,19,0,0,0.25,39.57,1861953.0
2017,2,Q2 2017,Unknown,England/Wales,144,2017.25,179.0,162.0,202.5,19,0,0,0.25,38.3,1861953.0
2017,3,Q3 2017,Unknown,England/Wales,97,2017.5,144.0,179.0,169.25,19,0,0,0.25,38.64,1861953.0
2017,4,Q4 2017,Unknown,England/Wales,89,2017.75,97.0,144.0,145.5,19,0,0,0.413,41.23,1861953.0
2018,1,Q1 2018,Unknown,England/Wales,117,2018.0,89.0,97.0,127.25,19,0,0,0.5,41.62,1922054.0
2018,2,Q2 2018,Unknown,England/Wales,84,2018.25,117.0,89.0,111.75,19,0,0,0.5,40.89,1922054.0
2018,3,Q3 2018,Unknown,England/Wales,104,2018.5,84.0,117.0,96.75,19,0,0,0.663,42.33,1922054.0
2018,4,Q4 2018,Unknown,England/Wales,77,2018.75,104.0,84.0,98.5,19,0,0,0.75,45.37,1922054.0
2019,1,Q1 2019,Unknown,England/Wales,82,2019.0,77.0,104.0,95.5,19,0,0,0.75,46.57,1996347.0
2019,2,Q2 2019,Unknown,England/Wales,80,2019.25,82.0,77.0,86.75,19,0,0,0.75,45.14,1996347.0
2019,3,Q3 2019,Unknown,England/Wales,78,2019.5,80.0,82.0,85.75,19,0,0,0.75,44.6,1996347.0
2019,4,Q4 2019,Unknown,England/Wales,82,2019.75,78.0,80.0,79.25,19,0,0,0.75,47.61,1996347.0
2020,1,Q1 2020,Unknown,England/Wales,41,2020.0,82.0,78.0,80.5,19,0,0,0.6132,46.94,1885198.0
2020,2,Q2 2020,Unknown,England/Wales,48,2020.25,41.0,82.0,70.25,19,0,0,0.1,43.8,1885198.0
2020,3,Q3 2020,Unknown,England/Wales,63,2020.5,48.0,41.0,62.25,19,0,0,0.1,44.5,1885198.0
2020,4,Q4 2020,Unknown,England/Wales,55,2020.75,63.0,48.0,58.5,19,0,0,0.1,48.19,1885198.0
2021,1,Q1 2021,Unknown,England/Wales,48,2021.0,55.0,63.0,51.75,19,0,0,0.1,49.59,2042011.0
2021,2,Q2 2021,Unknown,England/Wales,34,2021.25,48.0,55.0,53.5,19,0,0,0.1,49.05,2042011.0
2021,3,Q3 2021,Unknown,England/Wales,38,2021.5,34.0,48.0,50.0,19,0,0,0.1,53.66,2042011.0
2021,4,Q4 2021,Unknown,England/Wales,49,2021.75,38.0,34.0,43.75,19,0,0,0.1261,60.97,2042011.0
2022,1,Q1 2022,Unknown,England/Wales,56,2022.0,49.0,38.0,42.25,19,0,0,0.45,66.09,2243340.0
2022,2,Q2 2022,Unknown,England/Wales,77,2022.25,56.0,49.0,44.25,19,0,0,0.9478,78.64,2243340.0
2022,3,Q3 2022,Unknown,England/Wales,48,2022.5,77.0,56.0,55.0,19,0,0,1.6141,86.09,2243340.0
2022,4,Q4 2022,Unknown,England/Wales,68,2022.75,48.0,77.0,57.5,19,0,0,2.8234,101.86,2243340.0
2023,1,Q1 2023,Unknown,England/Wales,73,2023.0,68.0,48.0,62.25,19,0,0,3.8472,105.67,2422397.0
2023,2,Q2 2023,Unknown,England/Wales,67,2023.25,73.0,68.0,66.5,19,0,0,4.4396,111.39,2422397.0
2023,3,Q3 2023,Unknown,England/Wales,67,2023.5,67.0,73.0,64.0,19,0,0,5.1603,108.35,2422397.0
2023,4,Q4 2023,Unknown,England/Wales,122,2023.75,67.0,67.0,68.75,19,0,0,5.25,108.98,2422397.0
2024,1,Q1 2024,Unknown,England/Wales,63,2024.0,122.0,67.0,82.25,19,0,0,5.25,112.39,1861953.0
2024,2,Q2 2024,Unknown,England/Wales,79,2024.25,63.0,122.0,79.75,19,0,0,5.25,100.2,1861953.0
2024,3,Q3 2024,Unknown,England/Wales,71,2024.5,79.0,63.0,82.75,19,0,0,5.0842,100.64,1861953.0
2024,4,Q4 2024,Unknown,England/Wales,59,2024.75,71.0,79.0,83.75,19,0,0,4.8505,104.57,1861953.0
2025,1,Q1 2025,Unknown,England/Wales,83,2025.0,59.0,71.0,68.0,19,0,0,4.6,105.14,1861953.0
2025,2,Q2 2025,Unknown,England/Wales,62,2025.25,83.0,59.0,73.0,19,0,0,4.3516,98.78,1861953.0
2025,3,Q3 2025,Unknown,England/Wales,87,2025.5,62.0,83.0,68.75,19,0,0,4.25,98.05,1861953.0
2025,4,Q4 2025,Unknown,England/Wales,99,2025.75,87.0,62.0,72.75,19,0,0,4.25,99.05,1861953.0
2026,1,Q1 2026,Unknown,England/Wales,166,2026.0,99.0,87.0,82.75,19,0,0,0.75,49.59,1861953.0
2016,3,Q3 2016,Unknown,Scotland,10,2016.5,8.0,10.0,9.0,19,1,0,0.3424,37.11,151973.0
2016,4,Q4 2016,Unknown,Scotland,7,2016.75,10.0,8.0,9.333333333333334,19,1,0,0.25,39.13,151973.0
2017,1,Q1 2017,Unknown,Scotland,8,2017.0,7.0,10.0,8.75,19,1,0,0.25,39.57,159217.0
2017,2,Q2 2017,Unknown,Scotland,6,2017.25,8.0,7.0,8.25,19,1,0,0.25,38.3,159217.0
2017,3,Q3 2017,Unknown,Scotland,9,2017.5,6.0,8.0,7.75,19,1,0,0.25,38.64,159217.0
2017,4,Q4 2017,Unknown,Scotland,14,2017.75,9.0,6.0,7.5,19,1,0,0.413,41.23,159217.0
2018,1,Q1 2018,Unknown,Scotland,4,2018.0,14.0,9.0,9.25,19,1,0,0.5,41.62,162423.0
2018,2,Q2 2018,Unknown,Scotland,4,2018.25,4.0,14.0,8.25,19,1,0,0.5,40.89,162423.0
2018,3,Q3 2018,Unknown,Scotland,4,2018.5,4.0,4.0,7.75,19,1,0,0.663,42.33,162423.0
2018,4,Q4 2018,Unknown,Scotland,7,2018.75,4.0,4.0,6.5,19,1,0,0.75,45.37,162423.0
2019,1,Q1 2019,Unknown,Scotland,7,2019.0,7.0,4.0,4.75,19,1,0,0.75,46.57,168993.0
2019,2,Q2 2019,Unknown,Scotland,5,2019.25,7.0,7.0,5.5,19,1,0,0.75,45.14,168993.0
2019,4,Q4 2019,Unknown,Scotland,7,2019.75,5.0,7.0,5.75,19,1,0,0.75,47.61,168993.0
2020,1,Q1 2020,Unknown,Scotland,3,2020.0,7.0,5.0,6.5,19,1,0,0.6132,46.94,158489.0
2020,2,Q2 2020,Unknown,Scotland,2,2020.25,3.0,7.0,5.5,19,1,0,0.1,43.8,158489.0
2020,3,Q3 2020,Unknown,Scotland,1,2020.5,2.0,3.0,4.25,19,1,0,0.1,44.5,158489.0
2020,4,Q4 2020,Unknown,Scotland,2,2020.75,1.0,2.0,3.25,19,1,0,0.1,48.19,158489.0
2021,1,Q1 2021,Unknown,Scotland,1,2021.0,2.0,1.0,2.0,19,1,0,0.1,49.59,171688.0
2021,2,Q2 2021,Unknown,Scotland,3,2021.25,1.0,2.0,1.5,19,1,0,0.1,49.05,171688.0
2021,4,Q4 2021,Unknown,Scotland,5,2021.75,3.0,1.0,1.75,19,1,0,0.1261,60.97,171688.0
2022,1,Q1 2022,Unknown,Scotland,3,2022.0,5.0,3.0,2.75,19,1,0,0.45,66.09,188246.0
2022,2,Q2 2022,Unknown,Scotland,3,2022.25,3.0,5.0,3.0,19,1,0,0.9478,78.64,188246.0
2022,3,Q3 2022,Unknown,Scotland,2,2022.5,3.0,3.0,3.5,19,1,0,1.6141,86.09,188246.0
2022,4,Q4 2022,Unknown,Scotland,2,2022.75,2.0,3.0,3.25,19,1,0,2.8234,101.86,188246.0
2023,1,Q1 2023,Unknown,Scotland,5,2023.0,2.0,2.0,2.5,19,1,0,3.8472,105.67,204188.0
2023,2,Q2 2023,Unknown,Scotland,6,2023.25,5.0,2.0,3.0,19,1,0,4.4396,111.39,204188.0
2023,3,Q3 2023,Unknown,Scotland,5,2023.5,6.0,5.0,3.75,19,1,0,5.1603,108.35,204188.0
2023,4,Q4 2023,Unknown,Scotland,2,2023.75,5.0,6.0,4.5,19,1,0,5.25,108.98,204188.0
2024,1,Q1 2024,Unknown,Scotland,2,2024.0,2.0,5.0,4.5,19,1,0,5.25,112.39,1861953.0
2024,2,Q2 2024,Unknown,Scotland,5,2024.25,2.0,2.0,3.75,19,1,0,5.25,100.2,1861953.0
2024,3,Q3 2024,Unknown,Scotland,2,2024.5,5.0,2.0,3.5,19,1,0,5.0842,100.64,1861953.0
2024,4,Q4 2024,Unknown,Scotland,1,2024.75,2.0,5.0,2.75,19,1,0,4.8505,104.57,1861953.0
2025,2,Q2 2025,Unknown,Scotland,2,2025.25,1.0,2.0,2.5,19,1,0,4.3516,98.78,1861953.0
2025,3,Q3 2025,Unknown,Scotland,1,2025.5,2.0,1.0,2.5,19,1,0,4.25,98.05,1861953.0
2025,4,Q4 2025,Unknown,Scotland,1,2025.75,1.0,2.0,1.5,19,1,0,4.25,99.05,1861953.0
2026,1,Q1 2026,Unknown,Scotland,3,2026.0,1.0,1.0,1.25,19,1,0,0.75,49.59,1861953.0
2016,3,Q3 2016,Water & Waste,England/Wales,26,2016.5,38.0,35.0,36.5,20,0,1,0.3424,37.11,1784443.0
2016,4,Q4 2016,Water & Waste,England/Wales,32,2016.75,26.0,38.0,33.0,20,0,1,0.25,39.13,1784443.0
2017,1,Q1 2017,Water & Waste,England/Wales,40,2017.0,32.0,26.0,32.75,20,0,1,0.25,39.57,1861953.0
2017,2,Q2 2017,Water & Waste,England/Wales,38,2017.25,40.0,32.0,34.0,20,0,1,0.25,38.3,1861953.0
2017,3,Q3 2017,Water & Waste,England/Wales,27,2017.5,38.0,40.0,34.0,20,0,1,0.25,38.64,1861953.0
2017,4,Q4 2017,Water & Waste,England/Wales,27,2017.75,27.0,38.0,34.25,20,0,1,0.413,41.23,1861953.0
2018,1,Q1 2018,Water & Waste,England/Wales,30,2018.0,27.0,27.0,33.0,20,0,1,0.5,41.62,1922054.0
2018,2,Q2 2018,Water & Waste,England/Wales,25,2018.25,30.0,27.0,30.5,20,0,1,0.5,40.89,1922054.0
2018,3,Q3 2018,Water & Waste,England/Wales,25,2018.5,25.0,30.0,27.25,20,0,1,0.663,42.33,1922054.0
2018,4,Q4 2018,Water & Waste,England/Wales,18,2018.75,25.0,25.0,26.75,20,0,1,0.75,45.37,1922054.0
2019,1,Q1 2019,Water & Waste,England/Wales,27,2019.0,18.0,25.0,24.5,20,0,1,0.75,46.57,1996347.0
2019,2,Q2 2019,Water & Waste,England/Wales,37,2019.25,27.0,18.0,23.75,20,0,1,0.75,45.14,1996347.0
2019,3,Q3 2019,Water & Waste,England/Wales,41,2019.5,37.0,27.0,26.75,20,0,1,0.75,44.6,1996347.0
2019,4,Q4 2019,Water & Waste,England/Wales,30,2019.75,41.0,37.0,30.75,20,0,1,0.75,47.61,1996347.0
2020,1,Q1 2020,Water & Waste,England/Wales,24,2020.0,30.0,41.0,33.75,20,0,1,0.6132,46.94,1885198.0
2020,2,Q2 2020,Water & Waste,England/Wales,19,2020.25,24.0,30.0,33.0,20,0,1,0.1,43.8,1885198.0
2020,3,Q3 2020,Water & Waste,England/Wales,12,2020.5,19.0,24.0,28.5,20,0,1,0.1,44.5,1885198.0
2020,4,Q4 2020,Water & Waste,England/Wales,20,2020.75,12.0,19.0,21.25,20,0,1,0.1,48.19,1885198.0
2021,1,Q1 2021,Water & Waste,England/Wales,14,2021.0,20.0,12.0,18.75,20,0,1,0.1,49.59,2042011.0
2021,2,Q2 2021,Water & Waste,England/Wales,18,2021.25,14.0,20.0,16.25,20,0,1,0.1,49.05,2042011.0
2021,3,Q3 2021,Water & Waste,England/Wales,17,2021.5,18.0,14.0,16.0,20,0,1,0.1,53.66,2042011.0
2021,4,Q4 2021,Water & Waste,England/Wales,22,2021.75,17.0,18.0,17.25,20,0,1,0.1261,60.97,2042011.0
2022,1,Q1 2022,Water & Waste,England/Wales,24,2022.0,22.0,17.0,17.75,20,0,1,0.45,66.09,2243340.0
2022,2,Q2 2022,Water & Waste,England/Wales,35,2022.25,24.0,22.0,20.25,20,0,1,0.9478,78.64,2243340.0
2022,3,Q3 2022,Water & Waste,England/Wales,28,2022.5,35.0,24.0,24.5,20,0,1,1.6141,86.09,2243340.0
2022,4,Q4 2022,Water & Waste,England/Wales,32,2022.75,28.0,35.0,27.25,20,0,1,2.8234,101.86,2243340.0
2023,1,Q1 2023,Water & Waste,England/Wales,34,2023.0,32.0,28.0,29.75,20,0,1,3.8472,105.67,2422397.0
2023,2,Q2 2023,Water & Waste,England/Wales,38,2023.25,34.0,32.0,32.25,20,0,1,4.4396,111.39,2422397.0
2023,3,Q3 2023,Water & Waste,England/Wales,25,2023.5,38.0,34.0,33.0,20,0,1,5.1603,108.35,2422397.0
2023,4,Q4 2023,Water & Waste,England/Wales,37,2023.75,25.0,38.0,32.25,20,0,1,5.25,108.98,2422397.0
2024,1,Q1 2024,Water & Waste,England/Wales,37,2024.0,37.0,25.0,33.5,20,0,1,5.25,112.39,1861953.0
2024,2,Q2 2024,Water & Waste,England/Wales,23,2024.25,37.0,37.0,34.25,20,0,1,5.25,100.2,1861953.0
2024,3,Q3 2024,Water & Waste,England/Wales,41,2024.5,23.0,37.0,30.5,20,0,1,5.0842,100.64,1861953.0
2024,4,Q4 2024,Water & Waste,England/Wales,40,2024.75,41.0,23.0,34.5,20,0,1,4.8505,104.57,1861953.0
2025,1,Q1 2025,Water & Waste,England/Wales,34,2025.0,40.0,41.0,35.25,20,0,1,4.6,105.14,1861953.0
2025,2,Q2 2025,Water & Waste,England/Wales,40,2025.25,34.0,40.0,34.5,20,0,1,4.3516,98.78,1861953.0
2025,3,Q3 2025,Water & Waste,England/Wales,30,2025.5,40.0,34.0,38.75,20,0,1,4.25,98.05,1861953.0
2025,4,Q4 2025,Water & Waste,England/Wales,40,2025.75,30.0,40.0,36.0,20,0,1,4.25,99.05,1861953.0
2026,1,Q1 2026,Water & Waste,England/Wales,42,2026.0,40.0,30.0,36.0,20,0,1,0.75,49.59,1861953.0
2016,4,Q4 2016,Water & Waste,Scotland,2,2016.75,1.0,2.0,1.5,20,1,1,0.25,39.13,151973.0
2017,1,Q1 2017,Water & Waste,Scotland,2,2017.0,2.0,1.0,1.6666666666666667,20,1,1,0.25,39.57,159217.0
2017,2,Q2 2017,Water & Waste,Scotland,3,2017.25,2.0,2.0,1.75,20,1,1,0.25,38.3,159217.0
2017,3,Q3 2017,Water & Waste,Scotland,5,2017.5,3.0,2.0,2.0,20,1,1,0.25,38.64,159217.0
2017,4,Q4 2017,Water & Waste,Scotland,3,2017.75,5.0,3.0,3.0,20,1,1,0.413,41.23,159217.0
2018,1,Q1 2018,Water & Waste,Scotland,1,2018.0,3.0,5.0,3.25,20,1,1,0.5,41.62,162423.0
2018,3,Q3 2018,Water & Waste,Scotland,2,2018.5,1.0,3.0,3.0,20,1,1,0.663,42.33,162423.0
2019,2,Q2 2019,Water & Waste,Scotland,2,2019.25,2.0,1.0,2.75,20,1,1,0.75,45.14,168993.0
2019,3,Q3 2019,Water & Waste,Scotland,2,2019.5,2.0,2.0,2.0,20,1,1,0.75,44.6,168993.0
2019,4,Q4 2019,Water & Waste,Scotland,1,2019.75,2.0,2.0,1.75,20,1,1,0.75,47.61,168993.0
2020,1,Q1 2020,Water & Waste,Scotland,3,2020.0,1.0,2.0,1.75,20,1,1,0.6132,46.94,158489.0
2020,2,Q2 2020,Water & Waste,Scotland,1,2020.25,3.0,1.0,2.0,20,1,1,0.1,43.8,158489.0
2021,3,Q3 2021,Water & Waste,Scotland,1,2021.5,1.0,3.0,1.75,20,1,1,0.1,53.66,171688.0
2021,4,Q4 2021,Water & Waste,Scotland,1,2021.75,1.0,1.0,1.5,20,1,1,0.1261,60.97,171688.0
2022,1,Q1 2022,Water & Waste,Scotland,1,2022.0,1.0,1.0,1.5,20,1,1,0.45,66.09,188246.0
2022,2,Q2 2022,Water & Waste,Scotland,1,2022.25,1.0,1.0,1.0,20,1,1,0.9478,78.64,188246.0
2022,3,Q3 2022,Water & Waste,Scotland,1,2022.5,1.0,1.0,1.0,20,1,1,1.6141,86.09,188246.0
2022,4,Q4 2022,Water & Waste,Scotland,3,2022.75,1.0,1.0,1.0,20,1,1,2.8234,101.86,188246.0
2023,1,Q1 2023,Water & Waste,Scotland,1,2023.0,3.0,1.0,1.5,20,1,1,3.8472,105.67,204188.0
2023,2,Q2 2023,Water & Waste,Scotland,2,2023.25,1.0,3.0,1.5,20,1,1,4.4396,111.39,204188.0
2023,3,Q3 2023,Water & Waste,Scotland,1,2023.5,2.0,1.0,1.75,20,1,1,5.1603,108.35,204188.0
2024,1,Q1 2024,Water & Waste,Scotland,2,2024.0,1.0,2.0,1.75,20,1,1,5.25,112.39,1861953.0
2024,2,Q2 2024,Water & Waste,Scotland,2,2024.25,2.0,1.0,1.5,20,1,1,5.25,100.2,1861953.0
2024,3,Q3 2024,Water & Waste,Scotland,4,2024.5,2.0,2.0,1.75,20,1,1,5.0842,100.64,1861953.0
2024,4,Q4 2024,Water & Waste,Scotland,2,2024.75,4.0,2.0,2.25,20,1,1,4.8505,104.57,1861953.0
2025,1,Q1 2025,Water & Waste,Scotland,3,2025.0,2.0,4.0,2.5,20,1,1,4.6,105.14,1861953.0
2025,2,Q2 2025,Water & Waste,Scotland,3,2025.25,3.0,2.0,2.75,20,1,1,4.3516,98.78,1861953.0
2025,3,Q3 2025,Water & Waste,Scotland,2,2025.5,3.0,3.0,3.0,20,1,1,4.25,98.05,1861953.0
2025,4,Q4 2025,Water & Waste,Scotland,1,2025.75,2.0,3.0,2.5,20,1,1,4.25,99.05,1861953.0
2016,3,Q3 2016,Wholesale & Retail,England/Wales,481,2016.5,537.0,530.0,533.5,21,0,2,0.3424,37.11,1784443.0
2016,4,Q4 2016,Wholesale & Retail,England/Wales,498,2016.75,481.0,537.0,516.0,21,0,2,0.25,39.13,1784443.0
2017,1,Q1 2017,Wholesale & Retail,England/Wales,611,2017.0,498.0,481.0,511.5,21,0,2,0.25,39.57,1861953.0
2017,2,Q2 2017,Wholesale & Retail,England/Wales,494,2017.25,611.0,498.0,531.75,21,0,2,0.25,38.3,1861953.0
2017,3,Q3 2017,Wholesale & Retail,England/Wales,563,2017.5,494.0,611.0,521.0,21,0,2,0.25,38.64,1861953.0
2017,4,Q4 2017,Wholesale & Retail,England/Wales,484,2017.75,563.0,494.0,541.5,21,0,2,0.413,41.23,1861953.0
2018,1,Q1 2018,Wholesale & Retail,England/Wales,577,2018.0,484.0,563.0,538.0,21,0,2,0.5,41.62,1922054.0
2018,2,Q2 2018,Wholesale & Retail,England/Wales,600,2018.25,577.0,484.0,529.5,21,0,2,0.5,40.89,1922054.0
2018,3,Q3 2018,Wholesale & Retail,England/Wales,633,2018.5,600.0,577.0,556.0,21,0,2,0.663,42.33,1922054.0
2018,4,Q4 2018,Wholesale & Retail,England/Wales,541,2018.75,633.0,600.0,573.5,21,0,2,0.75,45.37,1922054.0
2019,1,Q1 2019,Wholesale & Retail,England/Wales,655,2019.0,541.0,633.0,587.75,21,0,2,0.75,46.57,1996347.0
2019,2,Q2 2019,Wholesale & Retail,England/Wales,608,2019.25,655.0,541.0,607.25,21,0,2,0.75,45.14,1996347.0
2019,3,Q3 2019,Wholesale & Retail,England/Wales,619,2019.5,608.0,655.0,609.25,21,0,2,0.75,44.6,1996347.0
2019,4,Q4 2019,Wholesale & Retail,England/Wales,576,2019.75,619.0,608.0,605.75,21,0,2,0.75,47.61,1996347.0
2020,1,Q1 2020,Wholesale & Retail,England/Wales,570,2020.0,576.0,619.0,614.5,21,0,2,0.6132,46.94,1885198.0
2020,2,Q2 2020,Wholesale & Retail,England/Wales,422,2020.25,570.0,576.0,593.25,21,0,2,0.1,43.8,1885198.0
2020,3,Q3 2020,Wholesale & Retail,England/Wales,378,2020.5,422.0,570.0,546.75,21,0,2,0.1,44.5,1885198.0
2020,4,Q4 2020,Wholesale & Retail,England/Wales,317,2020.75,378.0,422.0,486.5,21,0,2,0.1,48.19,1885198.0
2021,1,Q1 2021,Wholesale & Retail,England/Wales,326,2021.0,317.0,378.0,421.75,21,0,2,0.1,49.59,2042011.0
2021,2,Q2 2021,Wholesale & Retail,England/Wales,361,2021.25,326.0,317.0,360.75,21,0,2,0.1,49.05,2042011.0
2021,3,Q3 2021,Wholesale & Retail,England/Wales,477,2021.5,361.0,326.0,345.5,21,0,2,0.1,53.66,2042011.0
2021,4,Q4 2021,Wholesale & Retail,England/Wales,558,2021.75,477.0,361.0,370.25,21,0,2,0.1261,60.97,2042011.0
2022,1,Q1 2022,Wholesale & Retail,England/Wales,707,2022.0,558.0,477.0,430.5,21,0,2,0.45,66.09,2243340.0
2022,2,Q2 2022,Wholesale & Retail,England/Wales,811,2022.25,707.0,558.0,525.75,21,0,2,0.9478,78.64,2243340.0
2022,3,Q3 2022,Wholesale & Retail,England/Wales,843,2022.5,811.0,707.0,638.25,21,0,2,1.6141,86.09,2243340.0
2022,4,Q4 2022,Wholesale & Retail,England/Wales,922,2022.75,843.0,811.0,729.75,21,0,2,2.8234,101.86,2243340.0
2023,1,Q1 2023,Wholesale & Retail,England/Wales,959,2023.0,922.0,843.0,820.75,21,0,2,3.8472,105.67,2422397.0
2023,2,Q2 2023,Wholesale & Retail,England/Wales,988,2023.25,959.0,922.0,883.75,21,0,2,4.4396,111.39,2422397.0
2023,3,Q3 2023,Wholesale & Retail,England/Wales,923,2023.5,988.0,959.0,928.0,21,0,2,5.1603,108.35,2422397.0
2023,4,Q4 2023,Wholesale & Retail,England/Wales,1078,2023.75,923.0,988.0,948.0,21,0,2,5.25,108.98,2422397.0
2024,1,Q1 2024,Wholesale & Retail,England/Wales,845,2024.0,1078.0,923.0,987.0,21,0,2,5.25,112.39,1861953.0
2024,2,Q2 2024,Wholesale & Retail,England/Wales,991,2024.25,845.0,1078.0,958.5,21,0,2,5.25,100.2,1861953.0
2024,3,Q3 2024,Wholesale & Retail,England/Wales,867,2024.5,991.0,845.0,959.25,21,0,2,5.0842,100.64,1861953.0
2024,4,Q4 2024,Wholesale & Retail,England/Wales,875,2024.75,867.0,991.0,945.25,21,0,2,4.8505,104.57,1861953.0
2025,1,Q1 2025,Wholesale & Retail,England/Wales,920,2025.0,875.0,867.0,894.5,21,0,2,4.6,105.14,1861953.0
2025,2,Q2 2025,Wholesale & Retail,England/Wales,1000,2025.25,920.0,875.0,913.25,21,0,2,4.3516,98.78,1861953.0
2025,3,Q3 2025,Wholesale & Retail,England/Wales,961,2025.5,1000.0,920.0,915.5,21,0,2,4.25,98.05,1861953.0
2025,4,Q4 2025,Wholesale & Retail,England/Wales,853,2025.75,961.0,1000.0,939.0,21,0,2,4.25,99.05,1861953.0
2026,1,Q1 2026,Wholesale & Retail,England/Wales,821,2026.0,853.0,961.0,933.5,21,0,2,0.75,49.59,1861953.0
2016,3,Q3 2016,Wholesale & Retail,Scotland,35,2016.5,39.0,30.0,34.5,21,1,2,0.3424,37.11,151973.0
2016,4,Q4 2016,Wholesale & Retail,Scotland,33,2016.75,35.0,39.0,34.666666666666664,21,1,2,0.25,39.13,151973.0
2017,1,Q1 2017,Wholesale & Retail,Scotland,27,2017.0,33.0,35.0,34.25,21,1,2,0.25,39.57,159217.0
2017,2,Q2 2017,Wholesale & Retail,Scotland,36,2017.25,27.0,33.0,33.5,21,1,2,0.25,38.3,159217.0
2017,3,Q3 2017,Wholesale & Retail,Scotland,28,2017.5,36.0,27.0,32.75,21,1,2,0.25,38.64,159217.0
2017,4,Q4 2017,Wholesale & Retail,Scotland,22,2017.75,28.0,36.0,31.0,21,1,2,0.413,41.23,159217.0
2018,1,Q1 2018,Wholesale & Retail,Scotland,28,2018.0,22.0,28.0,28.25,21,1,2,0.5,41.62,162423.0
2018,2,Q2 2018,Wholesale & Retail,Scotland,34,2018.25,28.0,22.0,28.5,21,1,2,0.5,40.89,162423.0
2018,3,Q3 2018,Wholesale & Retail,Scotland,35,2018.5,34.0,28.0,28.0,21,1,2,0.663,42.33,162423.0
2018,4,Q4 2018,Wholesale & Retail,Scotland,21,2018.75,35.0,34.0,29.75,21,1,2,0.75,45.37,162423.0
2019,1,Q1 2019,Wholesale & Retail,Scotland,52,2019.0,21.0,35.0,29.5,21,1,2,0.75,46.57,168993.0
2019,2,Q2 2019,Wholesale & Retail,Scotland,20,2019.25,52.0,21.0,35.5,21,1,2,0.75,45.14,168993.0
2019,3,Q3 2019,Wholesale & Retail,Scotland,22,2019.5,20.0,52.0,32.0,21,1,2,0.75,44.6,168993.0
2019,4,Q4 2019,Wholesale & Retail,Scotland,24,2019.75,22.0,20.0,28.75,21,1,2,0.75,47.61,168993.0
2020,1,Q1 2020,Wholesale & Retail,Scotland,26,2020.0,24.0,22.0,29.5,21,1,2,0.6132,46.94,158489.0
2020,2,Q2 2020,Wholesale & Retail,Scotland,12,2020.25,26.0,24.0,23.0,21,1,2,0.1,43.8,158489.0
2020,3,Q3 2020,Wholesale & Retail,Scotland,16,2020.5,12.0,26.0,21.0,21,1,2,0.1,44.5,158489.0
2020,4,Q4 2020,Wholesale & Retail,Scotland,18,2020.75,16.0,12.0,19.5,21,1,2,0.1,48.19,158489.0
2021,1,Q1 2021,Wholesale & Retail,Scotland,11,2021.0,18.0,16.0,18.0,21,1,2,0.1,49.59,171688.0
2021,2,Q2 2021,Wholesale & Retail,Scotland,21,2021.25,11.0,18.0,14.25,21,1,2,0.1,49.05,171688.0
2021,3,Q3 2021,Wholesale & Retail,Scotland,15,2021.5,21.0,11.0,16.5,21,1,2,0.1,53.66,171688.0
2021,4,Q4 2021,Wholesale & Retail,Scotland,14,2021.75,15.0,21.0,16.25,21,1,2,0.1261,60.97,171688.0
2022,1,Q1 2022,Wholesale & Retail,Scotland,18,2022.0,14.0,15.0,15.25,21,1,2,0.45,66.09,188246.0
2022,2,Q2 2022,Wholesale & Retail,Scotland,36,2022.25,18.0,14.0,17.0,21,1,2,0.9478,78.64,188246.0
2022,3,Q3 2022,Wholesale & Retail,Scotland,44,2022.5,36.0,18.0,20.75,21,1,2,1.6141,86.09,188246.0
2022,4,Q4 2022,Wholesale & Retail,Scotland,44,2022.75,44.0,36.0,28.0,21,1,2,2.8234,101.86,188246.0
2023,1,Q1 2023,Wholesale & Retail,Scotland,38,2023.0,44.0,44.0,35.5,21,1,2,3.8472,105.67,204188.0
2023,2,Q2 2023,Wholesale & Retail,Scotland,47,2023.25,38.0,44.0,40.5,21,1,2,4.4396,111.39,204188.0
2023,3,Q3 2023,Wholesale & Retail,Scotland,37,2023.5,47.0,38.0,43.25,21,1,2,5.1603,108.35,204188.0
2023,4,Q4 2023,Wholesale & Retail,Scotland,50,2023.75,37.0,47.0,41.5,21,1,2,5.25,108.98,204188.0
2024,1,Q1 2024,Wholesale & Retail,Scotland,41,2024.0,50.0,37.0,43.0,21,1,2,5.25,112.39,1861953.0
2024,2,Q2 2024,Wholesale & Retail,Scotland,47,2024.25,41.0,50.0,43.75,21,1,2,5.25,100.2,1861953.0
2024,3,Q3 2024,Wholesale & Retail,Scotland,38,2024.5,47.0,41.0,43.75,21,1,2,5.0842,100.64,1861953.0
2024,4,Q4 2024,Wholesale & Retail,Scotland,50,2024.75,38.0,47.0,44.0,21,1,2,4.8505,104.57,1861953.0
2025,1,Q1 2025,Wholesale & Retail,Scotland,42,2025.0,50.0,38.0,44.0,21,1,2,4.6,105.14,1861953.0
2025,2,Q2 2025,Wholesale & Retail,Scotland,50,2025.25,42.0,50.0,44.25,21,1,2,4.3516,98.78,1861953.0
2025,3,Q3 2025,Wholesale & Retail,Scotland,35,2025.5,50.0,42.0,45.0,21,1,2,4.25,98.05,1861953.0
2025,4,Q4 2025,Wholesale & Retail,Scotland,48,2025.75,35.0,50.0,44.25,21,1,2,4.25,99.05,1861953.0
2026,1,Q1 2026,Wholesale & Retail,Scotland,47,2026.0,48.0,35.0,43.75,21,1,2,0.75,49.59,1861953.0
